10000, 2, 24, 8.04747, 0.728275, 7.31919, 0, 7.15704e+06
10000, 24, 24, 5.4984, 0.817692, 4.68071, 0, 7.15719e+06
10000, 2, 24, 7.84773, 0.724616, 7.12311, 0, 7.15704e+06
10000, 24, 24, 5.39421, 0.787326, 4.60688, 0, 7.15719e+06
10000, 2, 24, 7.75674, 0.70716, 7.04957, 0, 7.15704e+06
10000, 24, 24, 5.42165, 0.781734, 4.63992, 0, 7.15719e+06
10000, 2, 24, 7.61458, 0.698245, 6.91633, 0, 7.15704e+06
10000, 24, 24, 5.56619, 0.856354, 4.70983, 0, 7.15719e+06
10000, 2, 24, 7.62271, 0.695005, 6.9277, 0, 7.15704e+06
10000, 24, 24, 5.48225, 0.864304, 4.61794, 0, 7.15719e+06
10000, 2, 24, 8.15383, 0.793942, 7.35989, 0, 7.15704e+06
10000, 24, 24, 5.41704, 0.788064, 4.62898, 0, 7.15719e+06
10000, 2, 24, 7.64128, 0.741232, 6.90004, 0, 7.15704e+06
10000, 24, 24, 5.43146, 0.776123, 4.65533, 0, 7.15719e+06
10000, 2, 24, 7.83107, 0.739589, 7.09148, 0, 7.15704e+06
10000, 24, 24, 5.38093, 0.790865, 4.59007, 0, 7.15719e+06
10000, 2, 24, 7.58061, 0.737286, 6.84332, 0, 7.15704e+06
10000, 24, 24, 5.33565, 0.779342, 4.55631, 0, 7.15719e+06
10000, 2, 24, 7.68646, 0.705686, 6.98077, 0, 7.15704e+06
10000, 24, 24, 5.88833, 0.850599, 5.03773, 0, 7.15719e+06
10000, 2, 32, 6.85552, 0.663911, 6.19161, 0, 7.15701e+06
10000, 32, 32, 5.72999, 1.00869, 4.7213, 0, 7.15706e+06
10000, 2, 32, 9.45381, 0.751676, 8.70213, 0, 7.15701e+06
10000, 32, 32, 5.70692, 1.00395, 4.70297, 0, 7.15706e+06
10000, 2, 32, 7.04347, 0.663991, 6.37947, 0, 7.15701e+06
10000, 32, 32, 5.64397, 0.991866, 4.6521, 0, 7.15706e+06
10000, 2, 32, 6.85638, 0.656066, 6.20031, 0, 7.15701e+06
10000, 32, 32, 5.58268, 1.00405, 4.57863, 0, 7.15706e+06
10000, 2, 32, 6.67054, 0.656756, 6.01377, 0, 7.15701e+06
10000, 32, 32, 5.59455, 1.01326, 4.58129, 0, 7.15706e+06
10000, 2, 32, 6.91171, 0.653634, 6.25807, 0, 7.15701e+06
10000, 32, 32, 5.56808, 0.975314, 4.59276, 0, 7.15706e+06
10000, 2, 32, 6.97569, 0.644263, 6.33143, 0, 7.15701e+06
10000, 32, 32, 5.55657, 0.963427, 4.59314, 0, 7.15706e+06
10000, 2, 32, 6.97216, 0.708475, 6.26368, 0, 7.15701e+06
10000, 32, 32, 5.61806, 0.978814, 4.63924, 0, 7.15706e+06
10000, 2, 32, 6.66431, 0.656876, 6.00743, 0, 7.15701e+06
10000, 32, 32, 5.6651, 1.04501, 4.62009, 0, 7.15706e+06
10000, 2, 32, 6.74868, 0.659896, 6.08879, 0, 7.15701e+06
10000, 32, 32, 5.67931, 1.00092, 4.67839, 0, 7.15706e+06
10000, 2, 40, 7.92833, 0.794046, 7.13428, 0, 7.15697e+06
10000, 40, 40, 6.17255, 1.23358, 4.93896, 0, 7.15716e+06
10000, 2, 40, 7.82573, 0.792798, 7.03293, 0, 7.15697e+06
10000, 40, 40, 6.31485, 1.26691, 5.04794, 0, 7.15716e+06
10000, 2, 40, 7.74659, 0.802902, 6.94368, 0, 7.15697e+06
10000, 40, 40, 5.75016, 1.13293, 4.61723, 0, 7.15716e+06
10000, 2, 40, 7.77737, 0.773627, 7.00374, 0, 7.15697e+06
10000, 40, 40, 5.69794, 1.07603, 4.6219, 0, 7.15716e+06
10000, 2, 40, 7.80492, 0.793649, 7.01126, 0, 7.15697e+06
10000, 40, 40, 5.72106, 1.09398, 4.62708, 0, 7.15716e+06
10000, 2, 40, 7.87949, 0.782648, 7.09684, 0, 7.15697e+06
10000, 40, 40, 5.69923, 1.08155, 4.61767, 0, 7.15716e+06
10000, 2, 40, 7.83626, 0.767838, 7.06842, 0, 7.15697e+06
10000, 40, 40, 5.74127, 1.08529, 4.65597, 0, 7.15716e+06
10000, 2, 40, 7.73518, 0.772722, 6.96245, 0, 7.15697e+06
10000, 40, 40, 5.7747, 1.08818, 4.68652, 0, 7.15716e+06
10000, 2, 40, 7.75342, 0.783592, 6.96982, 0, 7.15697e+06
10000, 40, 40, 6.13531, 1.1725, 4.96281, 0, 7.15716e+06
10000, 2, 40, 7.7476, 0.765216, 6.98238, 0, 7.15697e+06
10000, 40, 40, 5.70514, 1.0828, 4.62233, 0, 7.15716e+06
10000, 2, 48, 7.91853, 0.82989, 7.08864, 0, 7.15706e+06
10000, 48, 48, 6.03364, 1.24417, 4.78947, 0, 7.15712e+06
10000, 2, 48, 7.42498, 0.745415, 6.67956, 0, 7.15706e+06
10000, 48, 48, 5.98033, 1.20583, 4.77451, 0, 7.15712e+06
10000, 2, 48, 7.34082, 0.741716, 6.5991, 0, 7.15706e+06
10000, 48, 48, 5.96211, 1.22931, 4.7328, 0, 7.15712e+06
10000, 2, 48, 7.43623, 0.753858, 6.68237, 0, 7.15706e+06
10000, 48, 48, 6.42047, 1.31498, 5.10549, 0, 7.15712e+06
10000, 2, 48, 7.30164, 0.745199, 6.55643, 0, 7.15706e+06
10000, 48, 48, 6.04576, 1.22442, 4.82134, 0, 7.15712e+06
10000, 2, 48, 7.47042, 0.758724, 6.71169, 0, 7.15706e+06
10000, 48, 48, 5.97913, 1.22357, 4.75555, 0, 7.15712e+06
10000, 2, 48, 7.55824, 0.816194, 6.74204, 0, 7.15706e+06
10000, 48, 48, 6.07848, 1.24401, 4.83447, 0, 7.15712e+06
10000, 2, 48, 7.47657, 0.796643, 6.67993, 0, 7.15706e+06
10000, 48, 48, 5.96636, 1.22922, 4.73713, 0, 7.15712e+06
10000, 2, 48, 7.69095, 0.818345, 6.8726, 0, 7.15706e+06
10000, 48, 48, 5.99396, 1.27223, 4.72173, 0, 7.15712e+06
10000, 2, 48, 7.60469, 0.773336, 6.83135, 0, 7.15706e+06
10000, 48, 48, 6.14272, 1.32432, 4.81841, 0, 7.15712e+06
10000, 2, 56, 7.22804, 0.791766, 6.43627, 0, 7.15698e+06
10000, 56, 56, 6.37555, 1.40122, 4.97433, 0, 7.15713e+06
10000, 2, 56, 7.10299, 0.744451, 6.35854, 0, 7.15698e+06
10000, 56, 56, 6.69473, 1.45237, 5.24236, 0, 7.15713e+06
10000, 2, 56, 7.41237, 0.822058, 6.5903, 0, 7.15698e+06
10000, 56, 56, 6.2176, 1.36111, 4.85649, 0, 7.15713e+06
10000, 2, 56, 7.22737, 0.768458, 6.45891, 0, 7.15698e+06
10000, 56, 56, 6.2995, 1.37165, 4.92785, 0, 7.15713e+06
10000, 2, 56, 7.23045, 0.783995, 6.44645, 0, 7.15698e+06
10000, 56, 56, 6.70392, 1.42899, 5.27493, 0, 7.15713e+06
10000, 2, 56, 7.18567, 0.789099, 6.39657, 0, 7.15698e+06
10000, 56, 56, 6.32171, 1.40392, 4.9178, 0, 7.15713e+06
10000, 2, 56, 7.17463, 0.809779, 6.36484, 0, 7.15698e+06
10000, 56, 56, 6.26875, 1.38195, 4.8868, 0, 7.15713e+06
10000, 2, 56, 7.28592, 0.821538, 6.46438, 0, 7.15698e+06
10000, 56, 56, 6.26604, 1.36123, 4.90481, 0, 7.15713e+06
10000, 2, 56, 7.32543, 0.824377, 6.50105, 0, 7.15698e+06
10000, 56, 56, 6.30263, 1.37901, 4.92361, 0, 7.15713e+06
10000, 2, 56, 7.20542, 0.797131, 6.40829, 0, 7.15698e+06
10000, 56, 56, 6.60785, 1.40556, 5.20229, 0, 7.15713e+06
10000, 2, 64, 6.7287, 0.767013, 5.96168, 0, 7.15709e+06
10000, 64, 64, 6.46022, 1.5666, 4.89362, 0, 7.15715e+06
10000, 2, 64, 6.67965, 0.760313, 5.91933, 0, 7.15709e+06
10000, 64, 64, 6.73873, 1.57109, 5.16763, 0, 7.15715e+06
10000, 2, 64, 6.75566, 0.75242, 6.00323, 0, 7.15709e+06
10000, 64, 64, 6.3866, 1.47833, 4.90827, 0, 7.15715e+06
10000, 2, 64, 6.84331, 0.784553, 6.05876, 0, 7.15709e+06
10000, 64, 64, 6.38101, 1.46045, 4.92056, 0, 7.15715e+06
10000, 2, 64, 7.00322, 0.839833, 6.16339, 0, 7.15709e+06
10000, 64, 64, 8.05416, 2.4592, 5.59496, 0, 7.15715e+06
10000, 2, 64, 6.91191, 0.785941, 6.12597, 0, 7.15709e+06
10000, 64, 64, 6.54087, 1.50874, 5.03212, 0, 7.15715e+06
10000, 2, 64, 7.26211, 0.937208, 6.3249, 0, 7.15709e+06
10000, 64, 64, 6.53422, 1.49246, 5.04176, 0, 7.15715e+06
10000, 2, 64, 7.12986, 0.95503, 6.17483, 0, 7.15709e+06
10000, 64, 64, 6.56017, 1.48082, 5.07935, 0, 7.15715e+06
10000, 2, 64, 7.10468, 0.841664, 6.26301, 0, 7.15709e+06
10000, 64, 64, 6.42334, 1.49349, 4.92985, 0, 7.15715e+06
10000, 2, 64, 7.03414, 0.918075, 6.11606, 0, 7.15709e+06
10000, 64, 64, 6.59066, 1.49262, 5.09803, 0, 7.15715e+06
10000, 2, 72, 8.17189, 1.02065, 7.15124, 0, 7.1571e+06
10000, 72, 72, 6.72609, 1.71465, 5.01144, 0, 7.15708e+06
10000, 2, 72, 8.66858, 1.15698, 7.51159, 0, 7.1571e+06
10000, 72, 72, 6.74314, 1.60445, 5.13869, 0, 7.15708e+06
10000, 2, 72, 8.60458, 1.09208, 7.51249, 0, 7.1571e+06
10000, 72, 72, 7.30336, 1.55775, 5.7456, 0, 7.15708e+06
10000, 2, 72, 8.21479, 1.04757, 7.16721, 0, 7.1571e+06
10000, 72, 72, 6.53952, 1.56026, 4.97925, 0, 7.15708e+06
10000, 2, 72, 8.22614, 1.0502, 7.17593, 0, 7.1571e+06
10000, 72, 72, 6.54038, 1.57357, 4.96681, 0, 7.15708e+06
10000, 2, 72, 8.20713, 1.03837, 7.16875, 0, 7.1571e+06
10000, 72, 72, 6.6261, 1.54175, 5.08434, 0, 7.15708e+06
10000, 2, 72, 8.09474, 1.05321, 7.04153, 0, 7.1571e+06
10000, 72, 72, 6.65886, 1.59536, 5.0635, 0, 7.15708e+06
10000, 2, 72, 8.17097, 1.03601, 7.13496, 0, 7.1571e+06
10000, 72, 72, 6.59699, 1.59895, 4.99803, 0, 7.15708e+06
10000, 2, 72, 8.25915, 1.07349, 7.18565, 0, 7.1571e+06
10000, 72, 72, 6.67245, 1.59605, 5.07639, 0, 7.15708e+06
10000, 2, 72, 8.43927, 1.18466, 7.2546, 0, 7.1571e+06
10000, 72, 72, 6.6232, 1.57267, 5.05053, 0, 7.15708e+06
10000, 2, 80, 8.23234, 1.01039, 7.22195, 0, 7.15715e+06
10000, 80, 80, 7.02463, 1.95448, 5.07014, 0, 7.15712e+06
10000, 2, 80, 8.0648, 0.999536, 7.06526, 0, 7.15715e+06
10000, 80, 80, 6.85081, 1.77699, 5.07383, 0, 7.15712e+06
10000, 2, 80, 7.99086, 0.989128, 7.00172, 0, 7.15715e+06
10000, 80, 80, 6.88404, 1.79754, 5.0865, 0, 7.15712e+06
10000, 2, 80, 8.07999, 1.01881, 7.06117, 0, 7.15715e+06
10000, 80, 80, 6.84866, 1.77863, 5.07002, 0, 7.15712e+06
10000, 2, 80, 8.24065, 1.0973, 7.14334, 0, 7.15715e+06
10000, 80, 80, 6.88328, 1.79132, 5.09196, 0, 7.15712e+06
10000, 2, 80, 8.42785, 1.13975, 7.28809, 0, 7.15715e+06
10000, 80, 80, 7.58233, 1.94103, 5.6413, 0, 7.15712e+06
10000, 2, 80, 8.09754, 1.07001, 7.02752, 0, 7.15715e+06
10000, 80, 80, 6.88997, 1.79725, 5.09272, 0, 7.15712e+06
10000, 2, 80, 8.05293, 0.92895, 7.12397, 0, 7.15715e+06
10000, 80, 80, 6.80204, 1.74789, 5.05415, 0, 7.15712e+06
10000, 2, 80, 7.99339, 0.913294, 7.08009, 0, 7.15715e+06
10000, 80, 80, 6.8515, 1.74032, 5.11118, 0, 7.15712e+06
10000, 2, 80, 8.68759, 1.16958, 7.518, 0, 7.15715e+06
10000, 80, 80, 7.07522, 1.84372, 5.23149, 0, 7.15712e+06
10000, 2, 88, 8.10682, 1.09091, 7.0159, 0, 7.157e+06
10000, 2, 24, 7.24515, 0.659495, 6.58565, 0, 7.15704e+06
10000, 24, 24, 5.14942, 0.749659, 4.39976, 0, 7.15719e+06
10000, 2, 24, 7.15309, 0.67261, 6.48048, 0, 7.15704e+06
10000, 24, 24, 5.15713, 0.780498, 4.37663, 0, 7.15719e+06
10000, 2, 24, 7.22523, 0.665535, 6.55969, 0, 7.15704e+06
10000, 24, 24, 5.13839, 0.783899, 4.35449, 0, 7.15719e+06
10000, 2, 24, 7.25582, 0.654898, 6.60092, 0, 7.15704e+06
10000, 24, 24, 5.1048, 0.745764, 4.35903, 0, 7.15719e+06
10000, 2, 24, 7.06272, 0.654436, 6.40828, 0, 7.15704e+06
10000, 24, 24, 5.11616, 0.780006, 4.33615, 0, 7.15719e+06
10000, 2, 32, 10.4479, 0.88565, 9.56225, 0, 7.15701e+06
10000, 32, 32, 5.74037, 0.987153, 4.75321, 0, 7.15706e+06
10000, 2, 32, 8.46835, 0.861879, 7.60647, 0, 7.15701e+06
10000, 32, 32, 5.71506, 0.94374, 4.77132, 0, 7.15706e+06
10000, 2, 32, 9.00471, 0.860092, 8.14461, 0, 7.15701e+06
10000, 32, 32, 5.41448, 0.938212, 4.47627, 0, 7.15706e+06
10000, 2, 32, 7.28305, 0.701568, 6.58148, 0, 7.15701e+06
10000, 32, 32, 5.67905, 0.94271, 4.73634, 0, 7.15706e+06
10000, 2, 32, 8.06905, 0.774704, 7.29435, 0, 7.15701e+06
10000, 32, 32, 5.71642, 0.982204, 4.73421, 0, 7.15706e+06
10000, 2, 40, 8.27267, 0.83608, 7.43659, 0, 7.15697e+06
10000, 40, 40, 6.65664, 1.82619, 4.83009, 0, 7.15716e+06
10000, 2, 40, 11.0869, 1.01096, 10.076, 0, 7.15697e+06
10000, 40, 40, 5.92303, 1.09557, 4.82746, 0, 7.15716e+06
10000, 2, 40, 10.2796, 0.951026, 9.32855, 0, 7.15697e+06
10000, 40, 40, 6.25308, 1.08931, 5.16376, 0, 7.15716e+06
10000, 2, 40, 9.25391, 0.938172, 8.31574, 0, 7.15697e+06
10000, 40, 40, 5.90418, 1.08999, 4.81419, 0, 7.15716e+06
10000, 2, 40, 9.21201, 0.968693, 8.24331, 0, 7.15697e+06
10000, 40, 40, 5.8913, 1.08439, 4.80691, 0, 7.15716e+06
10000, 2, 48, 8.8022, 0.864714, 7.93748, 0, 7.15706e+06
10000, 48, 48, 6.45177, 1.61311, 4.83866, 0, 7.15712e+06
10000, 2, 48, 8.43589, 0.87743, 7.55845, 0, 7.15706e+06
10000, 48, 48, 6.01964, 1.20117, 4.81846, 0, 7.15712e+06
10000, 2, 48, 8.35718, 0.859736, 7.49744, 0, 7.15706e+06
10000, 48, 48, 6.06881, 1.21765, 4.85116, 0, 7.15712e+06
10000, 2, 48, 8.70857, 0.958951, 7.74961, 0, 7.15706e+06
10000, 48, 48, 5.99687, 1.2232, 4.77367, 0, 7.15712e+06
10000, 2, 48, 8.42742, 0.872559, 7.55486, 0, 7.15706e+06
10000, 48, 48, 6.06014, 1.19541, 4.86472, 0, 7.15712e+06
10000, 2, 56, 8.20336, 0.900114, 7.30324, 0, 7.15698e+06
10000, 56, 56, 6.88168, 1.44506, 5.43662, 0, 7.15713e+06
10000, 2, 56, 8.79987, 0.884668, 7.9152, 0, 7.15698e+06
10000, 56, 56, 6.28505, 1.35064, 4.93441, 0, 7.15713e+06
10000, 2, 56, 8.60252, 0.957918, 7.64459, 0, 7.15698e+06
10000, 56, 56, 6.30846, 1.34955, 4.9589, 0, 7.15713e+06
10000, 2, 56, 8.24393, 0.908583, 7.33535, 0, 7.15698e+06
10000, 56, 56, 6.30439, 1.35854, 4.94585, 0, 7.15713e+06
10000, 2, 56, 7.48464, 0.771032, 6.7136, 0, 7.15698e+06
10000, 56, 56, 6.06204, 1.33533, 4.72671, 0, 7.15713e+06
10000, 2, 64, 6.82556, 0.67804, 6.14752, 0, 7.15709e+06
10000, 64, 64, 6.62838, 1.53629, 5.09209, 0, 7.15715e+06
10000, 2, 64, 7.48054, 0.755074, 6.72546, 0, 7.15709e+06
10000, 64, 64, 6.81142, 1.49371, 5.31772, 0, 7.15715e+06
10000, 2, 64, 9.24937, 0.91656, 8.33281, 0, 7.15709e+06
10000, 64, 64, 6.8118, 1.47543, 5.33637, 0, 7.15715e+06
10000, 2, 64, 7.96085, 0.880142, 7.08071, 0, 7.15709e+06
10000, 64, 64, 6.67251, 1.47556, 5.19695, 0, 7.15715e+06
10000, 2, 64, 7.89074, 0.86996, 7.02077, 0, 7.15709e+06
10000, 64, 64, 6.678, 1.45784, 5.22016, 0, 7.15715e+06
10000, 2, 72, 9.12081, 1.00721, 8.11359, 0, 7.1571e+06
10000, 72, 72, 7.18207, 1.84712, 5.33495, 0, 7.15708e+06
10000, 2, 72, 8.76786, 0.94251, 7.82535, 0, 7.1571e+06
10000, 72, 72, 6.76016, 1.56669, 5.19347, 0, 7.15708e+06
10000, 2, 72, 9.23739, 0.914252, 8.32313, 0, 7.1571e+06
10000, 72, 72, 6.73349, 1.58208, 5.15141, 0, 7.15708e+06
10000, 2, 72, 9.62292, 1.04164, 8.58128, 0, 7.1571e+06
10000, 72, 72, 6.77021, 1.5478, 5.22241, 0, 7.15708e+06
10000, 2, 72, 9.14157, 1.02494, 8.11663, 0, 7.1571e+06
10000, 72, 72, 6.89336, 1.60409, 5.28927, 0, 7.15708e+06
10000, 2, 80, 9.06204, 1.00233, 8.0597, 0, 7.15715e+06
10000, 80, 80, 7.47504, 1.95943, 5.51561, 0, 7.15712e+06
10000, 2, 80, 8.88499, 0.982073, 7.90292, 0, 7.15715e+06
10000, 80, 80, 7.04037, 1.81189, 5.22847, 0, 7.15712e+06
10000, 2, 80, 8.82905, 1.01918, 7.80987, 0, 7.15715e+06
10000, 80, 80, 7.1685, 1.76158, 5.40692, 0, 7.15712e+06
10000, 2, 80, 8.64399, 0.951207, 7.69277, 0, 7.15715e+06
10000, 80, 80, 6.9418, 1.77002, 5.17178, 0, 7.15712e+06
10000, 2, 80, 8.71289, 0.959943, 7.75294, 0, 7.15715e+06
10000, 80, 80, 7.42818, 1.77855, 5.64963, 0, 7.15712e+06
10000, 2, 88, 8.68295, 0.991929, 7.69101, 0, 7.157e+06
10000, 2, 88, 7.92315, 0.978615, 6.94453, 0, 7.157e+06
10000, 2, 88, 8.06486, 0.900961, 7.16389, 0, 7.157e+06
10000, 2, 96, 8.11448, 0.899544, 7.21493, 0, 7.15708e+06
10000, 2, 96, 7.39021, 0.785872, 6.60433, 0, 7.15708e+06
10000, 2, 96, 7.28489, 0.776114, 6.50878, 0, 7.15708e+06
10000, 96, 96, 6.94648, 1.8038, 5.14268, 0, 7.15708e+06
10000, 2, 96, 7.24334, 0.769082, 6.47426, 0, 7.15708e+06
10000, 96, 96, 6.95844, 1.80164, 5.1568, 0, 7.15708e+06
10000, 2, 96, 7.26703, 0.775829, 6.4912, 0, 7.15708e+06
10000, 96, 96, 6.92492, 1.79911, 5.1258, 0, 7.15708e+06
10000, 2, 96, 7.33225, 0.765542, 6.56671, 0, 7.15708e+06
10000, 96, 96, 9.0319, 1.84746, 7.18443, 0, 7.15708e+06
10000, 2, 96, 9.326, 0.85471, 8.47128, 0, 7.15708e+06
10000, 96, 96, 7.1099, 1.82177, 5.28813, 0, 7.15708e+06
10000, 2, 96, 7.2795, 0.770844, 6.50865, 0, 7.15708e+06
10000, 96, 96, 6.96723, 1.77696, 5.19027, 0, 7.15708e+06
10000, 2, 96, 7.63183, 0.824288, 6.80754, 0, 7.15708e+06
10000, 96, 96, 7.0978, 1.81051, 5.28729, 0, 7.15708e+06
10000, 2, 104, 7.07338, 0.754862, 6.31852, 0, 7.15712e+06
10000, 2, 96, 7.63242, 0.803147, 6.82927, 0, 7.15708e+06
10000, 104, 104, 7.03433, 1.8669, 5.16743, 0, 7.15712e+06
10000, 96, 96, 7.09562, 1.79325, 5.30237, 0, 7.15708e+06
10000, 2, 104, 7.08918, 0.756123, 6.33306, 0, 7.15712e+06
10000, 104, 104, 7.4436, 1.89675, 5.54684, 0, 7.15712e+06
10000, 2, 96, 7.86736, 0.847623, 7.01973, 0, 7.15708e+06
10000, 2, 104, 8.12749, 0.850234, 7.27725, 0, 7.15712e+06
10000, 96, 96, 8.18554, 1.84451, 6.34103, 0, 7.15708e+06
10000, 104, 104, 7.22687, 1.89306, 5.3338, 0, 7.15712e+06
10000, 2, 96, 7.60297, 0.831715, 6.77125, 0, 7.15708e+06
10000, 2, 104, 7.10872, 0.762469, 6.34625, 0, 7.15712e+06
10000, 96, 96, 7.12785, 1.8264, 5.30145, 0, 7.15708e+06
10000, 104, 104, 7.15924, 1.95647, 5.20277, 0, 7.15712e+06
10000, 2, 104, 7.40792, 0.794647, 6.61327, 0, 7.15712e+06
10000, 2, 104, 8.29955, 0.817606, 7.48194, 0, 7.15712e+06
10000, 104, 104, 8.17826, 1.94023, 6.23803, 0, 7.15712e+06
10000, 104, 104, 7.12843, 1.89315, 5.23528, 0, 7.15712e+06
10000, 2, 104, 7.45747, 0.798361, 6.65911, 0, 7.15712e+06
10000, 2, 112, 7.01386, 0.756105, 6.25775, 0, 7.1571e+06
10000, 104, 104, 7.25464, 1.92143, 5.33321, 0, 7.15712e+06
10000, 112, 112, 9.52399, 2.06912, 7.45486, 0, 7.15713e+06
10000, 2, 104, 9.23429, 0.826886, 8.4074, 0, 7.15712e+06
10000, 2, 112, 6.95734, 0.749019, 6.20832, 0, 7.1571e+06
10000, 104, 104, 7.24392, 1.87596, 5.36796, 0, 7.15712e+06
10000, 112, 112, 7.28185, 2.03386, 5.24799, 0, 7.15713e+06
10000, 2, 104, 7.42696, 0.802662, 6.6243, 0, 7.15712e+06
10000, 2, 112, 7.4155, 0.77225, 6.64325, 0, 7.1571e+06
10000, 104, 104, 7.4994, 1.95356, 5.54584, 0, 7.15712e+06
10000, 112, 112, 7.31656, 1.99888, 5.31768, 0, 7.15713e+06
10000, 2, 104, 7.43234, 0.80149, 6.63084, 0, 7.15712e+06
10000, 2, 112, 6.95443, 0.762729, 6.1917, 0, 7.1571e+06
10000, 104, 104, 7.26121, 1.90059, 5.36061, 0, 7.15712e+06
10000, 112, 112, 7.25366, 1.98436, 5.2693, 0, 7.15713e+06
10000, 2, 112, 7.24945, 0.774939, 6.4745, 0, 7.1571e+06
10000, 2, 112, 6.92536, 0.741072, 6.18429, 0, 7.1571e+06
10000, 112, 112, 7.35004, 1.98232, 5.36772, 0, 7.15713e+06
10000, 112, 112, 7.25748, 1.97483, 5.28265, 0, 7.15713e+06
10000, 2, 112, 7.23418, 0.776129, 6.45805, 0, 7.1571e+06
10000, 2, 120, 7.18522, 0.786337, 6.39888, 0, 7.15708e+06
10000, 112, 112, 8.42648, 2.04212, 6.38436, 0, 7.15713e+06
10000, 120, 120, 7.47204, 2.06793, 5.40411, 0, 7.15706e+06
10000, 2, 112, 7.24721, 0.785567, 6.46164, 0, 7.1571e+06
10000, 2, 120, 6.79722, 0.740654, 6.05656, 0, 7.15708e+06
10000, 112, 112, 7.47159, 1.97298, 5.49861, 0, 7.15713e+06
10000, 120, 120, 7.41779, 2.05494, 5.36285, 0, 7.15706e+06
10000, 2, 112, 7.24804, 0.78636, 6.46168, 0, 7.1571e+06
10000, 2, 120, 7.32756, 0.732138, 6.59542, 0, 7.15708e+06
10000, 112, 112, 8.47544, 2.05241, 6.42303, 0, 7.15713e+06
10000, 120, 120, 7.4707, 2.1007, 5.37, 0, 7.15706e+06
10000, 2, 112, 7.38134, 0.788766, 6.59257, 0, 7.1571e+06
10000, 2, 120, 6.8007, 0.732503, 6.0682, 0, 7.15708e+06
10000, 112, 112, 7.41306, 2.00051, 5.41255, 0, 7.15713e+06
10000, 120, 120, 7.42289, 2.08376, 5.33913, 0, 7.15706e+06
10000, 2, 120, 7.18692, 0.789292, 6.39762, 0, 7.15708e+06
10000, 2, 120, 6.76115, 0.723078, 6.03806, 0, 7.15708e+06
10000, 120, 120, 7.58606, 2.12059, 5.46547, 0, 7.15706e+06
10000, 120, 120, 7.47432, 2.10926, 5.36506, 0, 7.15706e+06
10000, 2, 120, 8.64034, 0.828558, 7.81178, 0, 7.15708e+06
10000, 2, 128, 8.08177, 0.812559, 7.26921, 0, 7.15696e+06
10000, 128, 128, 7.76486, 2.18977, 5.57509, 0, 7.15716e+06
10000, 120, 120, 10.1262, 2.0448, 8.08135, 0, 7.15706e+06
10000, 2, 128, 6.97368, 0.782592, 6.19109, 0, 7.15696e+06
10000, 2, 120, 7.16426, 0.791829, 6.37243, 0, 7.15708e+06
10000, 128, 128, 7.68393, 2.2912, 5.39273, 0, 7.15716e+06
10000, 120, 120, 7.71381, 2.25564, 5.45817, 0, 7.15706e+06
10000, 2, 128, 9.00195, 0.797454, 8.20449, 0, 7.15696e+06
10000, 2, 120, 9.11729, 0.799705, 8.31758, 0, 7.15708e+06
10000, 128, 128, 7.6822, 2.22973, 5.45247, 0, 7.15716e+06
10000, 120, 120, 7.70538, 2.23229, 5.47309, 0, 7.15706e+06
10000, 2, 128, 8.33942, 0.753111, 7.58631, 0, 7.15696e+06
10000, 2, 120, 8.70919, 0.801445, 7.90774, 0, 7.15708e+06
10000, 128, 128, 7.54803, 2.16763, 5.3804, 0, 7.15716e+06
10000, 120, 120, 7.61222, 2.13523, 5.47699, 0, 7.15706e+06
10000, 2, 128, 7.02209, 0.781956, 6.24014, 0, 7.15696e+06
10000, 2, 128, 6.94913, 0.772299, 6.17682, 0, 7.15696e+06
10000, 128, 128, 9.21088, 2.24191, 6.96897, 0, 7.15716e+06
10000, 128, 128, 9.06669, 2.26659, 6.8001, 0, 7.15716e+06
10000, 2, 128, 6.87291, 0.758389, 6.11451, 0, 7.15696e+06
10000, 128, 128, 7.59771, 2.15938, 5.43833, 0, 7.15716e+06
10000, 2, 128, 6.88461, 0.760367, 6.12424, 0, 7.15696e+06
10000, 128, 128, 7.64889, 2.17526, 5.47363, 0, 7.15716e+06
10000, 2, 128, 11.118, 1.01611, 10.1019, 0, 7.15696e+06
10000, 128, 128, 16.8939, 3.04242, 13.8515, 0, 7.15716e+06
10000, 2, 128, 10.6185, 1.05617, 9.56236, 0, 7.15696e+06
10000, 128, 128, 16.2316, 3.0652, 13.1664, 0, 7.15716e+06
10000, 2, 96, 8.43562, 0.878778, 7.55683, 0, 7.15708e+06
10000, 96, 96, 7.7834, 1.94671, 5.8367, 0, 7.15708e+06
10000, 2, 96, 8.40182, 0.85679, 7.54503, 0, 7.15708e+06
10000, 96, 96, 8.01236, 1.87897, 6.13339, 0, 7.15708e+06
10000, 2, 96, 8.49269, 0.862782, 7.6299, 0, 7.15708e+06
10000, 96, 96, 7.85015, 1.89466, 5.95549, 0, 7.15708e+06
10000, 2, 96, 8.44994, 0.860646, 7.5893, 0, 7.15708e+06
10000, 96, 96, 8.14477, 1.93181, 6.21296, 0, 7.15708e+06
10000, 2, 96, 8.17522, 0.857726, 7.31749, 0, 7.15708e+06
10000, 2, 24, 7.18611, 0.685107, 6.501, 0, 7.15704e+06
10000, 24, 24, 5.08317, 0.761183, 4.32198, 0, 7.15719e+06
10000, 96, 96, 7.71407, 1.93702, 5.77706, 0, 7.15708e+06
10000, 2, 24, 7.2259, 0.698474, 6.52742, 0, 7.15704e+06
10000, 2, 104, 9.03738, 0.933723, 8.10365, 0, 7.15712e+06
10000, 104, 104, 9.13013, 2.12612, 7.004, 0, 7.15712e+06
10000, 2, 24, 7.20031, 0.679754, 6.52055, 0, 7.15704e+06
10000, 24, 24, 4.99662, 0.73146, 4.26516, 0, 7.15719e+06
10000, 2, 104, 8.8625, 0.95842, 7.90407, 0, 7.15712e+06
10000, 2, 24, 7.08973, 0.652307, 6.43741, 0, 7.15704e+06
10000, 104, 104, 9.04394, 2.14319, 6.90075, 0, 7.15712e+06
10000, 24, 24, 5.01486, 0.732808, 4.28205, 0, 7.15719e+06
10000, 2, 104, 8.28909, 0.885648, 7.40344, 0, 7.15712e+06
10000, 2, 24, 6.94953, 0.640776, 6.30875, 0, 7.15704e+06
10000, 104, 104, 8.91752, 2.10277, 6.81475, 0, 7.15712e+06
10000, 2, 32, 6.35334, 0.612384, 5.74095, 0, 7.15701e+06
10000, 2, 104, 8.50409, 0.936397, 7.56769, 0, 7.15712e+06
10000, 32, 32, 5.44773, 0.892394, 4.55534, 0, 7.15706e+06
10000, 104, 104, 8.93181, 2.1251, 6.80671, 0, 7.15712e+06
10000, 2, 32, 6.33789, 0.60478, 5.73311, 0, 7.15701e+06
10000, 32, 32, 5.27218, 0.904791, 4.36739, 0, 7.15706e+06
10000, 2, 32, 6.40056, 0.600271, 5.80028, 0, 7.15701e+06
10000, 104, 104, 8.89094, 2.13494, 6.75599, 0, 7.15712e+06
10000, 32, 32, 5.30488, 0.912783, 4.39209, 0, 7.15706e+06
10000, 2, 112, 8.72371, 0.926752, 7.79695, 0, 7.1571e+06
10000, 2, 32, 6.30372, 0.598669, 5.70505, 0, 7.15701e+06
10000, 32, 32, 5.27831, 0.902697, 4.37561, 0, 7.15706e+06
10000, 112, 112, 9.28737, 2.23992, 7.04745, 0, 7.15713e+06
10000, 2, 32, 6.69215, 0.617345, 6.0748, 0, 7.15701e+06
10000, 2, 112, 8.73662, 0.916586, 7.82003, 0, 7.1571e+06
10000, 32, 32, 6.37166, 1.04461, 5.32705, 0, 7.15706e+06
10000, 112, 112, 8.91317, 2.25753, 6.65564, 0, 7.15713e+06
10000, 2, 40, 7.49966, 0.736435, 6.76322, 0, 7.15697e+06
10000, 2, 112, 8.62923, 0.914083, 7.71514, 0, 7.1571e+06
10000, 40, 40, 6.76701, 1.16848, 5.59853, 0, 7.15716e+06
10000, 112, 112, 9.33196, 2.28053, 7.05142, 0, 7.15713e+06
10000, 2, 40, 7.46357, 0.740082, 6.72348, 0, 7.15697e+06
10000, 40, 40, 5.56485, 1.04276, 4.52208, 0, 7.15716e+06
10000, 2, 112, 8.24297, 0.917137, 7.32583, 0, 7.1571e+06
10000, 2, 40, 7.63763, 0.743454, 6.89417, 0, 7.15697e+06
10000, 112, 112, 9.26009, 2.24416, 7.01594, 0, 7.15713e+06
10000, 40, 40, 5.56399, 1.04862, 4.51537, 0, 7.15716e+06
10000, 2, 112, 8.22721, 0.919814, 7.30739, 0, 7.1571e+06
10000, 2, 40, 7.4935, 0.73345, 6.76004, 0, 7.15697e+06
10000, 112, 112, 9.3064, 2.20869, 7.09771, 0, 7.15713e+06
10000, 40, 40, 5.62024, 1.04377, 4.57647, 0, 7.15716e+06
10000, 2, 40, 7.73309, 0.747889, 6.9852, 0, 7.15697e+06
10000, 2, 120, 8.18748, 0.866553, 7.32092, 0, 7.15708e+06
10000, 40, 40, 5.59898, 1.03256, 4.56642, 0, 7.15716e+06
10000, 120, 120, 9.38643, 2.32948, 7.05695, 0, 7.15706e+06
10000, 2, 48, 7.68641, 0.753911, 6.93249, 0, 7.15706e+06
10000, 2, 120, 8.42318, 0.914109, 7.50906, 0, 7.15708e+06
10000, 48, 48, 6.07029, 1.16138, 4.90891, 0, 7.15712e+06
10000, 120, 120, 9.56014, 2.3482, 7.21194, 0, 7.15706e+06
10000, 2, 48, 7.31148, 0.725303, 6.58617, 0, 7.15706e+06
10000, 48, 48, 5.92648, 1.17525, 4.75123, 0, 7.15712e+06
10000, 2, 120, 8.12441, 0.869818, 7.25458, 0, 7.15708e+06
10000, 2, 48, 7.24668, 0.711895, 6.53478, 0, 7.15706e+06
10000, 120, 120, 9.4689, 2.35156, 7.11734, 0, 7.15706e+06
10000, 48, 48, 5.87248, 1.15617, 4.71631, 0, 7.15712e+06
10000, 2, 120, 8.182, 0.888169, 7.29383, 0, 7.15708e+06
10000, 2, 48, 7.2202, 0.7161, 6.5041, 0, 7.15706e+06
10000, 120, 120, 9.4352, 2.38884, 7.04636, 0, 7.15706e+06
10000, 2, 120, 8.24231, 0.881368, 7.36094, 0, 7.15708e+06
10000, 48, 48, 5.76934, 1.16036, 4.60898, 0, 7.15712e+06
10000, 120, 120, 9.20094, 2.31547, 6.88548, 0, 7.15706e+06
10000, 2, 56, 7.1214, 0.707486, 6.41391, 0, 7.15698e+06
10000, 2, 128, 8.35927, 0.868953, 7.49031, 0, 7.15696e+06
10000, 56, 56, 6.03626, 1.27708, 4.75917, 0, 7.15713e+06
10000, 2, 56, 6.86195, 0.689854, 6.1721, 0, 7.15698e+06
10000, 56, 56, 6.18222, 1.31067, 4.87155, 0, 7.15713e+06
10000, 2, 128, 8.32443, 0.890763, 7.43366, 0, 7.15696e+06
10000, 2, 56, 7.09596, 0.721841, 6.37411, 0, 7.15698e+06
10000, 128, 128, 9.79766, 2.49214, 7.30552, 0, 7.15716e+06
10000, 56, 56, 6.22784, 1.30956, 4.91828, 0, 7.15713e+06
10000, 2, 128, 7.90115, 0.89957, 7.00158, 0, 7.15696e+06
10000, 128, 128, 9.21531, 2.45744, 6.75787, 0, 7.15716e+06
10000, 2, 56, 15.3967, 1.46769, 13.929, 0, 7.15698e+06
10000, 2, 128, 7.24513, 0.814728, 6.4304, 0, 7.15696e+06
10000, 56, 56, 14.388, 2.0762, 12.3118, 0, 7.15713e+06
10000, 128, 128, 8.00232, 2.27906, 5.72326, 0, 7.15716e+06
10000, 2, 56, 7.32335, 0.717261, 6.60608, 0, 7.15698e+06
10000, 2, 128, 7.01729, 0.72926, 6.28802, 0, 7.15696e+06
10000, 56, 56, 6.10545, 1.28528, 4.82017, 0, 7.15713e+06
10000, 128, 128, 7.79288, 2.2403, 5.55258, 0, 7.15716e+06
10000, 2, 64, 6.60018, 0.672703, 5.92747, 0, 7.15709e+06
10000, 64, 64, 6.29909, 1.39189, 4.90719, 0, 7.15715e+06
10000, 2, 64, 6.62463, 0.669243, 5.95539, 0, 7.15709e+06
10000, 64, 64, 6.27964, 1.38848, 4.89116, 0, 7.15715e+06
10000, 2, 64, 6.63103, 0.675295, 5.95573, 0, 7.15709e+06
10000, 64, 64, 6.24285, 1.38515, 4.85771, 0, 7.15715e+06
10000, 2, 64, 6.71183, 0.702956, 6.00887, 0, 7.15709e+06
10000, 64, 64, 6.28465, 1.378, 4.90665, 0, 7.15715e+06
10000, 2, 64, 6.62804, 0.670624, 5.95741, 0, 7.15709e+06
10000, 64, 64, 6.27859, 1.37718, 4.90141, 0, 7.15715e+06
10000, 2, 72, 8.02788, 0.834251, 7.19362, 0, 7.1571e+06
10000, 72, 72, 6.49672, 1.46255, 5.03417, 0, 7.15708e+06
10000, 2, 72, 8.03964, 0.852088, 7.18754, 0, 7.1571e+06
10000, 72, 72, 6.48882, 1.4877, 5.00112, 0, 7.15708e+06
10000, 2, 72, 8.0286, 0.829293, 7.19929, 0, 7.1571e+06
10000, 72, 72, 6.497, 1.46043, 5.03657, 0, 7.15708e+06
10000, 2, 72, 7.78694, 0.802038, 6.98489, 0, 7.1571e+06
10000, 72, 72, 14.3059, 2.07591, 12.23, 0, 7.15708e+06
10000, 2, 72, 7.86995, 0.815869, 7.05407, 0, 7.1571e+06
10000, 72, 72, 6.57676, 1.49606, 5.0807, 0, 7.15708e+06
10000, 2, 80, 7.8276, 0.813474, 7.01412, 0, 7.15715e+06
10000, 80, 80, 6.63279, 1.58449, 5.0483, 0, 7.15712e+06
10000, 2, 80, 7.96827, 0.840963, 7.1273, 0, 7.15715e+06
10000, 80, 80, 6.70763, 1.59267, 5.11496, 0, 7.15712e+06
10000, 2, 80, 7.74421, 0.806376, 6.93783, 0, 7.15715e+06
10000, 80, 80, 6.67012, 1.59437, 5.07575, 0, 7.15712e+06
10000, 2, 80, 7.70924, 0.795194, 6.91403, 0, 7.15715e+06
10000, 80, 80, 11.3143, 2.50281, 8.81148, 0, 7.15712e+06
10000, 2, 80, 7.64841, 0.791441, 6.85697, 0, 7.15715e+06
10000, 80, 80, 6.62541, 1.5998, 5.02561, 0, 7.15712e+06
10000, 2, 88, 7.45042, 0.783524, 6.66689, 0, 7.157e+06
10000, 88, 88, 6.87214, 1.69302, 5.17912, 0, 7.15707e+06
10000, 2, 88, 7.66567, 0.803553, 6.86212, 0, 7.157e+06
10000, 88, 88, 6.74085, 1.67499, 5.06586, 0, 7.15707e+06
10000, 2, 88, 7.4331, 0.786487, 6.64661, 0, 7.157e+06
10000, 88, 88, 6.77382, 1.69449, 5.07933, 0, 7.15707e+06
10000, 2, 88, 7.45539, 0.77886, 6.67653, 0, 7.157e+06
10000, 88, 88, 6.74517, 1.66651, 5.07865, 0, 7.15707e+06
10000, 2, 88, 7.70244, 0.819794, 6.88264, 0, 7.157e+06
10000, 88, 88, 6.79433, 1.66357, 5.13076, 0, 7.15707e+06
10000, 2, 96, 7.59247, 0.801589, 6.79088, 0, 7.15708e+06
10000, 96, 96, 6.9975, 1.7815, 5.21599, 0, 7.15708e+06
10000, 2, 96, 7.58137, 0.792524, 6.78884, 0, 7.15708e+06
10000, 96, 96, 16.0632, 2.70573, 13.3575, 0, 7.15708e+06
10000, 2, 96, 7.51538, 0.800186, 6.71519, 0, 7.15708e+06
10000, 96, 96, 6.96478, 1.7667, 5.19808, 0, 7.15708e+06
10000, 2, 96, 7.41495, 0.765214, 6.64974, 0, 7.15708e+06
10000, 96, 96, 6.90147, 1.76947, 5.13201, 0, 7.15708e+06
10000, 2, 96, 7.42639, 0.77167, 6.65472, 0, 7.15708e+06
10000, 96, 96, 6.93018, 1.77457, 5.15561, 0, 7.15708e+06
10000, 2, 104, 7.23876, 0.75997, 6.47878, 0, 7.15712e+06
10000, 104, 104, 7.06443, 1.85391, 5.21052, 0, 7.15712e+06
10000, 2, 104, 7.38293, 0.778146, 6.60478, 0, 7.15712e+06
10000, 104, 104, 7.09093, 1.85337, 5.23756, 0, 7.15712e+06
10000, 2, 104, 17.1423, 1.86727, 15.275, 0, 7.15712e+06
10000, 104, 104, 7.08184, 1.86309, 5.21875, 0, 7.15712e+06
10000, 2, 104, 7.32402, 0.781249, 6.54276, 0, 7.15712e+06
10000, 104, 104, 7.13484, 1.87007, 5.26478, 0, 7.15712e+06
10000, 2, 104, 7.35481, 0.785378, 6.56943, 0, 7.15712e+06
10000, 104, 104, 7.12132, 1.85466, 5.26666, 0, 7.15712e+06
10000, 2, 112, 16.614, 1.84908, 14.7649, 0, 7.1571e+06
10000, 112, 112, 7.26806, 1.95115, 5.31691, 0, 7.15713e+06
10000, 2, 112, 7.07644, 0.741953, 6.33448, 0, 7.1571e+06
10000, 112, 112, 7.26487, 1.93927, 5.3256, 0, 7.15713e+06
10000, 2, 112, 7.11758, 0.758623, 6.35895, 0, 7.1571e+06
10000, 112, 112, 7.2868, 1.96092, 5.32587, 0, 7.15713e+06
10000, 2, 112, 7.20324, 0.768252, 6.43499, 0, 7.1571e+06
10000, 112, 112, 7.20024, 1.96126, 5.23897, 0, 7.15713e+06
10000, 2, 112, 7.17064, 0.767475, 6.40316, 0, 7.1571e+06
10000, 112, 112, 7.29151, 1.93799, 5.35352, 0, 7.15713e+06
10000, 2, 120, 7.31699, 0.757785, 6.5592, 0, 7.15708e+06
10000, 120, 120, 7.40902, 2.04255, 5.36646, 0, 7.15706e+06
10000, 2, 120, 7.07149, 0.77787, 6.29362, 0, 7.15708e+06
10000, 120, 120, 7.41377, 2.04459, 5.36917, 0, 7.15706e+06
10000, 2, 120, 7.04992, 0.784962, 6.26496, 0, 7.15708e+06
10000, 120, 120, 7.37027, 2.03091, 5.33936, 0, 7.15706e+06
10000, 2, 120, 6.90099, 0.739541, 6.16145, 0, 7.15708e+06
10000, 120, 120, 7.38086, 2.04049, 5.34037, 0, 7.15706e+06
10000, 2, 120, 6.95351, 0.758763, 6.19474, 0, 7.15708e+06
10000, 120, 120, 7.40242, 2.04391, 5.35851, 0, 7.15706e+06
10000, 2, 128, 7.17336, 0.724045, 6.44931, 0, 7.15696e+06
10000, 128, 128, 7.55751, 2.13054, 5.42698, 0, 7.15716e+06
10000, 2, 128, 6.88717, 0.761452, 6.12571, 0, 7.15696e+06
10000, 128, 128, 7.54329, 2.13557, 5.40772, 0, 7.15716e+06
10000, 2, 128, 6.94784, 0.728717, 6.21912, 0, 7.15696e+06
10000, 128, 128, 7.49304, 2.1407, 5.35234, 0, 7.15716e+06
10000, 2, 128, 7.02536, 0.718866, 6.30649, 0, 7.15696e+06
10000, 128, 128, 7.51542, 2.11755, 5.39787, 0, 7.15716e+06
10000, 2, 128, 6.8341, 0.760038, 6.07406, 0, 7.15696e+06
10000, 128, 128, 7.55249, 2.16421, 5.38828, 0, 7.15716e+06
10000, 2, 24, 7.24792, 0.657996, 6.58992, 0, 7.15704e+06
10000, 2, 24, 8.29328, 0.815457, 7.47782, 0, 7.15704e+06
10000, 24, 24, 5.3304, 0.764768, 4.56563, 0, 7.15719e+06
10000, 24, 24, 5.77163, 0.818078, 4.95355, 0, 7.15719e+06
10000, 2, 24, 7.22464, 0.672504, 6.55214, 0, 7.15704e+06
10000, 2, 24, 8.07416, 0.869438, 7.20472, 0, 7.15704e+06
10000, 24, 24, 5.04242, 0.723952, 4.31847, 0, 7.15719e+06
10000, 24, 24, 5.51285, 0.841603, 4.67124, 0, 7.15719e+06
10000, 2, 24, 6.99348, 0.645385, 6.34809, 0, 7.15704e+06
10000, 2, 24, 7.92153, 0.78428, 7.13724, 0, 7.15704e+06
10000, 24, 24, 5.03148, 0.724734, 4.30674, 0, 7.15719e+06
10000, 24, 24, 5.86415, 0.986208, 4.87794, 0, 7.15719e+06
10000, 2, 24, 7.35368, 0.645571, 6.70811, 0, 7.15704e+06
10000, 24, 24, 5.00148, 0.727541, 4.27394, 0, 7.15719e+06
10000, 2, 24, 8.32789, 0.729153, 7.59874, 0, 7.15704e+06
10000, 24, 24, 5.9132, 0.840574, 5.07263, 0, 7.15719e+06
10000, 24, 24, 5.12084, 0.740861, 4.37998, 0, 7.15719e+06
10000, 2, 24, 8.27438, 0.723782, 7.5506, 0, 7.15704e+06
10000, 2, 24, 7.15405, 0.670895, 6.48316, 0, 7.15704e+06
10000, 24, 24, 5.56117, 0.794255, 4.76692, 0, 7.15719e+06
10000, 24, 24, 5.04876, 0.731313, 4.31744, 0, 7.15719e+06
10000, 2, 24, 8.32251, 0.735486, 7.58702, 0, 7.15704e+06
10000, 2, 24, 6.98668, 0.67322, 6.31345, 0, 7.15704e+06
10000, 24, 24, 5.94462, 0.803349, 5.14127, 0, 7.15719e+06
10000, 24, 24, 5.11581, 0.75209, 4.36372, 0, 7.15719e+06
10000, 2, 24, 7.08889, 0.645323, 6.44356, 0, 7.15704e+06
10000, 2, 24, 9.44674, 0.742766, 8.70397, 0, 7.15704e+06
10000, 24, 24, 5.11516, 0.788272, 4.32688, 0, 7.15719e+06
10000, 24, 24, 6.15158, 0.88199, 5.26959, 0, 7.15719e+06
10000, 2, 24, 7.07776, 0.64396, 6.43379, 0, 7.15704e+06
10000, 2, 24, 7.93577, 0.738022, 7.19775, 0, 7.15704e+06
10000, 24, 24, 5.08394, 0.72451, 4.35942, 0, 7.15719e+06
10000, 24, 24, 5.83953, 0.821928, 5.0176, 0, 7.15719e+06
10000, 2, 24, 6.93138, 0.632142, 6.29923, 0, 7.15704e+06
10000, 24, 24, 4.94909, 0.722594, 4.2265, 0, 7.15719e+06
10000, 2, 24, 8.25507, 0.689386, 7.56568, 0, 7.15704e+06
10000, 2, 32, 6.58909, 0.613527, 5.97556, 0, 7.15701e+06
10000, 24, 24, 5.62209, 0.938155, 4.68394, 0, 7.15719e+06
10000, 32, 32, 5.42006, 0.954842, 4.46522, 0, 7.15706e+06
10000, 2, 24, 8.71947, 0.744732, 7.97473, 0, 7.15704e+06
10000, 2, 32, 6.47064, 0.648748, 5.82188, 0, 7.15701e+06
10000, 24, 24, 6.44012, 0.771577, 5.66854, 0, 7.15719e+06
10000, 32, 32, 5.23629, 0.896116, 4.34018, 0, 7.15706e+06
10000, 2, 32, 6.46793, 0.600558, 5.86737, 0, 7.15701e+06
10000, 2, 32, 7.27314, 0.684289, 6.58885, 0, 7.15701e+06
10000, 32, 32, 5.41693, 0.904094, 4.51283, 0, 7.15706e+06
10000, 32, 32, 6.08889, 1.04616, 5.04273, 0, 7.15706e+06
10000, 2, 32, 7.12569, 0.611528, 6.51416, 0, 7.15701e+06
10000, 2, 32, 7.92911, 0.722452, 7.20665, 0, 7.15701e+06
10000, 32, 32, 5.40205, 0.895472, 4.50658, 0, 7.15706e+06
10000, 32, 32, 6.14667, 0.958873, 5.18779, 0, 7.15706e+06
10000, 2, 32, 6.41197, 0.605304, 5.80667, 0, 7.15701e+06
10000, 2, 32, 7.30017, 0.683979, 6.61618, 0, 7.15701e+06
10000, 32, 32, 5.36476, 0.903764, 4.461, 0, 7.15706e+06
10000, 32, 32, 6.39117, 1.00544, 5.38574, 0, 7.15706e+06
10000, 2, 32, 6.72545, 0.646372, 6.07907, 0, 7.15701e+06
10000, 2, 32, 7.71315, 0.709628, 7.00352, 0, 7.15701e+06
10000, 32, 32, 5.41908, 0.902254, 4.51683, 0, 7.15706e+06
10000, 32, 32, 5.95558, 0.973418, 4.98216, 0, 7.15706e+06
10000, 2, 128, 7.00965, 0.768288, 6.24136, 0, 7.15696e+06
10000, 2, 32, 6.54455, 0.617941, 5.92661, 0, 7.15701e+06
10000, 2, 32, 7.66683, 0.645668, 7.02116, 0, 7.15701e+06
10000, 32, 32, 5.28003, 0.897003, 4.38303, 0, 7.15706e+06
10000, 32, 32, 6.20039, 1.10159, 5.0988, 0, 7.15706e+06
10000, 2, 32, 6.39956, 0.608479, 5.79108, 0, 7.15701e+06
10000, 32, 32, 5.26483, 0.899733, 4.36509, 0, 7.15706e+06
10000, 2, 32, 7.34517, 0.640594, 6.70458, 0, 7.15701e+06
10000, 2, 32, 6.55469, 0.61867, 5.93602, 0, 7.15701e+06
10000, 32, 32, 6.34073, 0.982949, 5.35778, 0, 7.15706e+06
10000, 32, 32, 5.36185, 0.920051, 4.4418, 0, 7.15706e+06
10000, 2, 32, 7.4306, 0.760563, 6.67003, 0, 7.15701e+06
10000, 2, 32, 6.56677, 0.641352, 5.92542, 0, 7.15701e+06
10000, 32, 32, 6.06671, 0.994465, 5.07224, 0, 7.15706e+06
10000, 32, 32, 5.3555, 0.895301, 4.4602, 0, 7.15706e+06
10000, 2, 32, 7.96578, 0.84497, 7.12081, 0, 7.15701e+06
10000, 2, 40, 7.51225, 0.755746, 6.7565, 0, 7.15697e+06
10000, 40, 40, 5.50225, 1.03139, 4.47085, 0, 7.15716e+06
10000, 32, 32, 12.0507, 0.936293, 11.1144, 0, 7.15706e+06
10000, 2, 40, 7.45989, 0.733785, 6.7261, 0, 7.15697e+06
10000, 2, 32, 8.55937, 0.739534, 7.81984, 0, 7.15701e+06
10000, 40, 40, 5.5622, 1.02417, 4.53802, 0, 7.15716e+06
10000, 32, 32, 6.3133, 0.978654, 5.33465, 0, 7.15706e+06
10000, 2, 40, 7.63132, 0.743588, 6.88773, 0, 7.15697e+06
10000, 40, 40, 5.57589, 1.04102, 4.53487, 0, 7.15716e+06
10000, 2, 32, 7.38379, 0.65879, 6.725, 0, 7.15701e+06
10000, 32, 32, 6.01172, 0.986458, 5.02526, 0, 7.15706e+06
10000, 2, 40, 7.64864, 0.741695, 6.90694, 0, 7.15697e+06
10000, 40, 40, 5.58144, 1.03992, 4.54153, 0, 7.15716e+06
10000, 2, 40, 8.91092, 0.860643, 8.05027, 0, 7.15697e+06
10000, 2, 40, 7.63244, 0.761319, 6.87112, 0, 7.15697e+06
10000, 40, 40, 7.44631, 1.21251, 6.2338, 0, 7.15716e+06
10000, 40, 40, 5.54179, 1.02436, 4.51744, 0, 7.15716e+06
10000, 2, 40, 7.48607, 0.733944, 6.75212, 0, 7.15697e+06
10000, 2, 40, 11.8579, 1.14343, 10.7145, 0, 7.15697e+06
10000, 40, 40, 5.59798, 1.0944, 4.50358, 0, 7.15716e+06
10000, 40, 40, 13.6728, 1.47962, 12.1932, 0, 7.15716e+06
10000, 2, 40, 7.71096, 0.751509, 6.95944, 0, 7.15697e+06
10000, 40, 40, 5.88912, 1.05464, 4.83448, 0, 7.15716e+06
10000, 2, 40, 14.3205, 1.28981, 13.0307, 0, 7.15697e+06
10000, 2, 40, 7.63095, 0.742504, 6.88844, 0, 7.15697e+06
10000, 40, 40, 5.63175, 1.03534, 4.59641, 0, 7.15716e+06
10000, 40, 40, 6.74698, 1.16882, 5.57815, 0, 7.15716e+06
10000, 2, 40, 7.91924, 0.758495, 7.16075, 0, 7.15697e+06
10000, 2, 40, 8.74463, 0.879877, 7.86475, 0, 7.15697e+06
10000, 40, 40, 5.56413, 1.03849, 4.52563, 0, 7.15716e+06
10000, 40, 40, 6.80155, 1.15995, 5.6416, 0, 7.15716e+06
10000, 2, 40, 7.45429, 0.742655, 6.71163, 0, 7.15697e+06
10000, 2, 40, 9.34577, 0.860618, 8.48514, 0, 7.15697e+06
10000, 40, 40, 5.59955, 1.03066, 4.56889, 0, 7.15716e+06
10000, 40, 40, 7.99137, 1.41259, 6.57878, 0, 7.15716e+06
10000, 2, 48, 7.24374, 0.706459, 6.53728, 0, 7.15706e+06
10000, 48, 48, 5.91798, 1.1697, 4.74828, 0, 7.15712e+06
10000, 2, 40, 11.878, 1.06526, 10.8127, 0, 7.15697e+06
10000, 2, 48, 7.78281, 0.816812, 6.966, 0, 7.15706e+06
10000, 40, 40, 9.90435, 1.46236, 8.44199, 0, 7.15716e+06
10000, 48, 48, 5.95431, 1.17418, 4.78013, 0, 7.15712e+06
10000, 2, 48, 7.27487, 0.722895, 6.55197, 0, 7.15706e+06
10000, 2, 40, 11.1774, 1.09032, 10.0871, 0, 7.15697e+06
10000, 48, 48, 5.82561, 1.15988, 4.66573, 0, 7.15712e+06
10000, 40, 40, 10.8376, 1.47637, 9.36123, 0, 7.15716e+06
10000, 48, 48, 5.84399, 1.15451, 4.68948, 0, 7.15712e+06
10000, 2, 40, 15.1198, 1.36331, 13.7565, 0, 7.15697e+06
10000, 2, 48, 7.57587, 0.749004, 6.82687, 0, 7.15706e+06
10000, 48, 48, 6.00481, 1.15951, 4.8453, 0, 7.15712e+06
10000, 40, 40, 11.0559, 1.41612, 9.6398, 0, 7.15716e+06
10000, 2, 48, 7.49735, 0.754492, 6.74286, 0, 7.15706e+06
10000, 48, 48, 5.79179, 1.16095, 4.63084, 0, 7.15712e+06
10000, 2, 40, 14.2409, 1.32553, 12.9154, 0, 7.15697e+06
10000, 2, 48, 7.3004, 0.717882, 6.58252, 0, 7.15706e+06
10000, 48, 48, 5.91507, 1.16301, 4.75206, 0, 7.15712e+06
10000, 40, 40, 12.7185, 1.46329, 11.2552, 0, 7.15716e+06
10000, 2, 48, 7.90435, 0.809481, 7.09487, 0, 7.15706e+06
10000, 48, 48, 5.87273, 1.16185, 4.71088, 0, 7.15712e+06
10000, 2, 40, 15.6127, 1.39356, 14.2192, 0, 7.15697e+06
10000, 2, 48, 7.59521, 0.769852, 6.82536, 0, 7.15706e+06
10000, 48, 48, 5.74191, 1.14446, 4.59744, 0, 7.15712e+06
10000, 40, 40, 13.1549, 1.56554, 11.5894, 0, 7.15716e+06
10000, 2, 48, 7.30109, 0.723033, 6.57805, 0, 7.15706e+06
10000, 48, 48, 5.76182, 1.17346, 4.58836, 0, 7.15712e+06
10000, 2, 48, 17.6609, 1.41833, 16.2425, 0, 7.15706e+06
10000, 2, 56, 6.97699, 0.70472, 6.27226, 0, 7.15698e+06
10000, 56, 56, 6.08923, 1.2748, 4.81443, 0, 7.15713e+06
10000, 48, 48, 12.5871, 2.23319, 10.3539, 0, 7.15712e+06
10000, 2, 56, 7.27446, 0.776081, 6.49838, 0, 7.15698e+06
10000, 56, 56, 6.145, 1.2806, 4.8644, 0, 7.15713e+06
10000, 2, 48, 14.5118, 1.39812, 13.1137, 0, 7.15706e+06
10000, 2, 56, 7.27688, 0.761616, 6.51526, 0, 7.15698e+06
10000, 56, 56, 5.9998, 1.27938, 4.72042, 0, 7.15713e+06
10000, 48, 48, 14.5122, 2.0906, 12.4216, 0, 7.15712e+06
10000, 2, 56, 7.18541, 0.728804, 6.4566, 0, 7.15698e+06
10000, 56, 56, 6.0096, 1.29053, 4.71906, 0, 7.15713e+06
10000, 2, 48, 13.0412, 1.17649, 11.8647, 0, 7.15706e+06
10000, 2, 56, 6.86683, 0.713515, 6.15331, 0, 7.15698e+06
10000, 48, 48, 7.5106, 1.43458, 6.07602, 0, 7.15712e+06
10000, 56, 56, 6.12576, 1.29346, 4.8323, 0, 7.15713e+06
10000, 2, 48, 11.1914, 1.09329, 10.0981, 0, 7.15706e+06
10000, 2, 56, 6.88842, 0.690027, 6.19839, 0, 7.15698e+06
10000, 56, 56, 6.02203, 1.28417, 4.73787, 0, 7.15713e+06
10000, 48, 48, 12.9801, 1.89066, 11.0894, 0, 7.15712e+06
10000, 2, 56, 7.20727, 0.7303, 6.47697, 0, 7.15698e+06
10000, 56, 56, 6.04898, 1.2911, 4.75788, 0, 7.15713e+06
10000, 2, 56, 7.26523, 0.730729, 6.5345, 0, 7.15698e+06
10000, 2, 48, 21.7777, 2.57972, 19.1979, 0, 7.15706e+06
10000, 56, 56, 6.19581, 1.29548, 4.90034, 0, 7.15713e+06
10000, 48, 48, 7.39523, 1.31551, 6.07972, 0, 7.15712e+06
10000, 2, 56, 7.43576, 0.774891, 6.66087, 0, 7.15698e+06
10000, 56, 56, 6.24477, 1.29075, 4.95403, 0, 7.15713e+06
10000, 2, 48, 9.22885, 0.903623, 8.32522, 0, 7.15706e+06
10000, 2, 56, 7.29211, 0.761522, 6.53058, 0, 7.15698e+06
10000, 48, 48, 7.97148, 1.40669, 6.56479, 0, 7.15712e+06
10000, 56, 56, 6.26184, 1.28693, 4.97491, 0, 7.15713e+06
10000, 2, 48, 10.6073, 1.02028, 9.58705, 0, 7.15706e+06
10000, 2, 64, 6.85367, 0.716992, 6.13668, 0, 7.15709e+06
10000, 64, 64, 6.38434, 1.37486, 5.00948, 0, 7.15715e+06
10000, 48, 48, 8.90749, 1.67849, 7.229, 0, 7.15712e+06
10000, 2, 64, 6.96912, 0.736445, 6.23267, 0, 7.15709e+06
10000, 64, 64, 6.36802, 1.37617, 4.99185, 0, 7.15715e+06
10000, 2, 64, 7.13888, 0.751021, 6.38786, 0, 7.15709e+06
10000, 48, 48, 14.2063, 2.19064, 12.0156, 0, 7.15712e+06
10000, 64, 64, 6.44038, 1.37672, 5.06365, 0, 7.15715e+06
10000, 2, 64, 7.31274, 0.738412, 6.57433, 0, 7.15709e+06
10000, 2, 48, 10.6534, 1.06834, 9.58507, 0, 7.15706e+06
10000, 64, 64, 6.42053, 1.37993, 5.04061, 0, 7.15715e+06
10000, 48, 48, 7.44875, 1.34736, 6.1014, 0, 7.15712e+06
10000, 2, 64, 6.9735, 0.744765, 6.22874, 0, 7.15709e+06
10000, 2, 48, 9.53998, 0.952312, 8.58766, 0, 7.15706e+06
10000, 64, 64, 6.42769, 1.38803, 5.03966, 0, 7.15715e+06
10000, 2, 64, 6.92888, 0.716682, 6.2122, 0, 7.15709e+06
10000, 48, 48, 8.90494, 1.42855, 7.47639, 0, 7.15712e+06
10000, 64, 64, 6.45851, 1.44537, 5.01314, 0, 7.15715e+06
10000, 2, 56, 11.4143, 1.36533, 10.049, 0, 7.15698e+06
10000, 2, 64, 6.91904, 0.718731, 6.20031, 0, 7.15709e+06
10000, 64, 64, 6.36845, 1.37014, 4.9983, 0, 7.15715e+06
10000, 56, 56, 8.74578, 1.65722, 7.08856, 0, 7.15713e+06
10000, 2, 64, 7.03639, 0.732916, 6.30347, 0, 7.15709e+06
10000, 64, 64, 6.40342, 1.38631, 5.01711, 0, 7.15715e+06
10000, 2, 56, 13.38, 0.968776, 12.4113, 0, 7.15698e+06
10000, 2, 64, 7.13434, 0.761841, 6.37249, 0, 7.15709e+06
10000, 56, 56, 11.3965, 2.36578, 9.03073, 0, 7.15713e+06
10000, 64, 64, 6.51722, 1.39825, 5.11896, 0, 7.15715e+06
10000, 2, 56, 8.35516, 0.859627, 7.49553, 0, 7.15698e+06
10000, 64, 64, 6.42747, 1.38426, 5.04321, 0, 7.15715e+06
10000, 56, 56, 7.80582, 1.48964, 6.31618, 0, 7.15713e+06
10000, 2, 72, 9.46197, 0.899488, 8.56248, 0, 7.1571e+06
10000, 2, 56, 9.80941, 0.871437, 8.93797, 0, 7.15698e+06
10000, 72, 72, 6.67498, 1.55061, 5.12437, 0, 7.15708e+06
10000, 56, 56, 8.30977, 1.5923, 6.71747, 0, 7.15713e+06
10000, 2, 72, 8.301, 0.860832, 7.44016, 0, 7.1571e+06
10000, 2, 56, 9.94976, 0.845939, 9.10382, 0, 7.15698e+06
10000, 72, 72, 6.68832, 1.46631, 5.22201, 0, 7.15708e+06
10000, 56, 56, 7.75102, 1.52198, 6.22903, 0, 7.15713e+06
10000, 2, 72, 8.50357, 0.90012, 7.60344, 0, 7.1571e+06
10000, 2, 56, 9.61114, 0.904307, 8.70683, 0, 7.15698e+06
10000, 56, 56, 7.22933, 1.46324, 5.76609, 0, 7.15713e+06
10000, 2, 72, 8.20672, 0.864285, 7.34243, 0, 7.1571e+06
10000, 72, 72, 6.738, 1.48907, 5.24894, 0, 7.15708e+06
10000, 2, 56, 8.92266, 0.819226, 8.10343, 0, 7.15698e+06
10000, 2, 72, 8.21923, 0.866654, 7.35257, 0, 7.1571e+06
10000, 56, 56, 7.59277, 1.48048, 6.11229, 0, 7.15713e+06
10000, 72, 72, 6.64388, 1.49562, 5.14826, 0, 7.15708e+06
10000, 2, 72, 8.37259, 0.866679, 7.50591, 0, 7.1571e+06
10000, 2, 56, 9.39957, 0.854962, 8.5446, 0, 7.15698e+06
10000, 72, 72, 6.613, 1.50772, 5.10528, 0, 7.15708e+06
10000, 56, 56, 8.06122, 1.45413, 6.60709, 0, 7.15713e+06
10000, 2, 72, 8.22051, 0.863713, 7.35679, 0, 7.1571e+06
10000, 2, 56, 8.49388, 0.77813, 7.71575, 0, 7.15698e+06
10000, 72, 72, 6.55671, 1.45427, 5.10244, 0, 7.15708e+06
10000, 56, 56, 6.90655, 1.41468, 5.49187, 0, 7.15713e+06
10000, 2, 72, 8.43257, 0.901066, 7.5315, 0, 7.1571e+06
10000, 2, 56, 9.97399, 1.02702, 8.94697, 0, 7.15698e+06
10000, 72, 72, 6.68298, 1.48677, 5.19621, 0, 7.15708e+06
10000, 56, 56, 10.8933, 1.53071, 9.36263, 0, 7.15713e+06
10000, 72, 72, 6.60376, 1.49186, 5.1119, 0, 7.15708e+06
10000, 2, 64, 12.7061, 1.05828, 11.6479, 0, 7.15709e+06
10000, 2, 72, 8.20821, 0.882936, 7.32527, 0, 7.1571e+06
10000, 72, 72, 6.66835, 1.51688, 5.15147, 0, 7.15708e+06
10000, 64, 64, 11.0729, 1.97952, 9.09336, 0, 7.15715e+06
10000, 2, 80, 8.09268, 0.873754, 7.21892, 0, 7.15715e+06
10000, 2, 64, 8.0801, 0.812367, 7.26773, 0, 7.15709e+06
10000, 80, 80, 6.81576, 1.6029, 5.21287, 0, 7.15712e+06
10000, 64, 64, 10.1397, 1.64548, 8.49418, 0, 7.15715e+06
10000, 2, 80, 8.24484, 0.900986, 7.34385, 0, 7.15715e+06
10000, 2, 64, 9.26545, 0.83607, 8.42938, 0, 7.15709e+06
10000, 80, 80, 6.89721, 1.64402, 5.25319, 0, 7.15712e+06
10000, 64, 64, 10.1676, 1.69376, 8.47389, 0, 7.15715e+06
10000, 80, 80, 6.77477, 1.62102, 5.15375, 0, 7.15712e+06
10000, 2, 64, 10.0424, 1.00549, 9.03688, 0, 7.15709e+06
10000, 2, 80, 8.06915, 0.845531, 7.22362, 0, 7.15715e+06
10000, 64, 64, 10.4096, 1.67877, 8.73083, 0, 7.15715e+06
10000, 80, 80, 6.83241, 1.6002, 5.2322, 0, 7.15712e+06
10000, 2, 80, 7.97122, 0.849371, 7.12184, 0, 7.15715e+06
10000, 2, 64, 13.8655, 1.17306, 12.6925, 0, 7.15709e+06
10000, 80, 80, 6.78371, 1.60656, 5.17715, 0, 7.15712e+06
10000, 64, 64, 9.99472, 2.60904, 7.38568, 0, 7.15715e+06
10000, 2, 80, 8.01916, 0.848593, 7.17057, 0, 7.15715e+06
10000, 80, 80, 6.70573, 1.56496, 5.14076, 0, 7.15712e+06
10000, 2, 64, 8.66458, 0.822088, 7.84248, 0, 7.15709e+06
10000, 2, 80, 8.02277, 0.847296, 7.17547, 0, 7.15715e+06
10000, 64, 64, 10.1732, 1.64616, 8.52702, 0, 7.15715e+06
10000, 80, 80, 6.7396, 1.56018, 5.17943, 0, 7.15712e+06
10000, 2, 64, 9.35844, 0.843417, 8.51502, 0, 7.15709e+06
10000, 2, 80, 7.96085, 0.852214, 7.10863, 0, 7.15715e+06
10000, 64, 64, 8.63247, 1.70245, 6.93002, 0, 7.15715e+06
10000, 80, 80, 6.76406, 1.57931, 5.18475, 0, 7.15712e+06
10000, 2, 80, 7.95852, 0.848326, 7.11019, 0, 7.15715e+06
10000, 2, 64, 10.6594, 1.04195, 9.61746, 0, 7.15709e+06
10000, 80, 80, 6.67969, 1.60121, 5.07849, 0, 7.15712e+06
10000, 64, 64, 9.20697, 1.61084, 7.59613, 0, 7.15715e+06
10000, 2, 80, 8.05901, 0.851591, 7.20741, 0, 7.15715e+06
10000, 80, 80, 6.93978, 1.64982, 5.28996, 0, 7.15712e+06
10000, 2, 64, 13.6168, 0.997508, 12.6193, 0, 7.15709e+06
10000, 2, 88, 7.65924, 0.798975, 6.86026, 0, 7.157e+06
10000, 64, 64, 12.6346, 2.43343, 10.2012, 0, 7.15715e+06
10000, 88, 88, 6.95381, 1.68319, 5.27062, 0, 7.15707e+06
10000, 2, 64, 8.06907, 0.810461, 7.2586, 0, 7.15709e+06
10000, 2, 88, 7.68994, 0.806214, 6.88373, 0, 7.157e+06
10000, 88, 88, 7.06025, 1.73095, 5.3293, 0, 7.15707e+06
10000, 64, 64, 8.09589, 1.62455, 6.47134, 0, 7.15715e+06
10000, 2, 88, 7.8709, 0.845229, 7.02567, 0, 7.157e+06
10000, 2, 72, 10.8451, 1.04806, 9.79705, 0, 7.1571e+06
10000, 88, 88, 7.13612, 1.6994, 5.43672, 0, 7.15707e+06
10000, 72, 72, 9.55228, 1.78214, 7.77015, 0, 7.15708e+06
10000, 2, 88, 7.59572, 0.798457, 6.79726, 0, 7.157e+06
10000, 88, 88, 6.94762, 1.71647, 5.23115, 0, 7.15707e+06
10000, 2, 72, 12.4389, 1.26615, 11.1727, 0, 7.1571e+06
10000, 2, 88, 7.67978, 0.798016, 6.88176, 0, 7.157e+06
10000, 72, 72, 8.24081, 1.75676, 6.48404, 0, 7.15708e+06
10000, 88, 88, 6.91741, 1.68723, 5.23018, 0, 7.15707e+06
10000, 2, 88, 7.54621, 0.808866, 6.73734, 0, 7.157e+06
10000, 2, 72, 11.4152, 0.975918, 10.4393, 0, 7.1571e+06
10000, 88, 88, 6.86256, 1.71933, 5.14323, 0, 7.15707e+06
10000, 72, 72, 8.32928, 1.70607, 6.6232, 0, 7.15708e+06
10000, 2, 88, 7.74961, 0.817295, 6.93232, 0, 7.157e+06
10000, 2, 72, 10.2181, 0.934633, 9.28343, 0, 7.1571e+06
10000, 88, 88, 6.83091, 1.69698, 5.13393, 0, 7.15707e+06
10000, 2, 88, 7.50519, 0.791814, 6.71338, 0, 7.157e+06
10000, 72, 72, 9.52192, 1.64689, 7.87503, 0, 7.15708e+06
10000, 88, 88, 6.95183, 1.73228, 5.21955, 0, 7.15707e+06
10000, 2, 72, 10.4943, 0.985892, 9.50844, 0, 7.1571e+06
10000, 2, 88, 7.61585, 0.795044, 6.8208, 0, 7.157e+06
10000, 72, 72, 8.22155, 1.67942, 6.54213, 0, 7.15708e+06
10000, 88, 88, 6.96516, 1.73123, 5.23393, 0, 7.15707e+06
10000, 2, 72, 8.67284, 0.906476, 7.76636, 0, 7.1571e+06
10000, 2, 88, 7.85216, 0.835714, 7.01644, 0, 7.157e+06
10000, 72, 72, 7.96716, 1.60017, 6.36699, 0, 7.15708e+06
10000, 2, 96, 7.84102, 0.819455, 7.02156, 0, 7.15708e+06
10000, 2, 72, 11.0829, 1.11279, 9.97014, 0, 7.1571e+06
10000, 96, 96, 7.21419, 1.81085, 5.40334, 0, 7.15708e+06
10000, 72, 72, 10.9194, 2.18311, 8.73632, 0, 7.15708e+06
10000, 2, 96, 7.67831, 0.807647, 6.87066, 0, 7.15708e+06
10000, 96, 96, 7.0792, 1.8083, 5.2709, 0, 7.15708e+06
10000, 2, 72, 15.7668, 1.39971, 14.3671, 0, 7.1571e+06
10000, 2, 96, 7.56842, 0.808829, 6.75959, 0, 7.15708e+06
10000, 72, 72, 8.01403, 1.74744, 6.26659, 0, 7.15708e+06
10000, 2, 96, 7.58646, 0.817174, 6.76928, 0, 7.15708e+06
10000, 2, 72, 9.75321, 1.00088, 8.75232, 0, 7.1571e+06
10000, 96, 96, 7.17672, 1.82614, 5.35058, 0, 7.15708e+06
10000, 72, 72, 8.62714, 1.73636, 6.89077, 0, 7.15708e+06
10000, 2, 96, 7.6364, 0.816499, 6.8199, 0, 7.15708e+06
10000, 2, 72, 10.4589, 1.03834, 9.42057, 0, 7.1571e+06
10000, 96, 96, 7.0654, 1.81429, 5.25111, 0, 7.15708e+06
10000, 2, 96, 7.60139, 0.824282, 6.7771, 0, 7.15708e+06
10000, 72, 72, 9.98689, 1.96484, 8.02205, 0, 7.15708e+06
10000, 96, 96, 7.10363, 1.78205, 5.32158, 0, 7.15708e+06
10000, 2, 80, 12.1058, 1.10428, 11.0015, 0, 7.15715e+06
10000, 96, 96, 7.11534, 1.82178, 5.29356, 0, 7.15708e+06
10000, 80, 80, 14.3647, 2.16983, 12.1948, 0, 7.15712e+06
10000, 2, 96, 7.63861, 0.813936, 6.82467, 0, 7.15708e+06
10000, 96, 96, 7.20267, 1.80861, 5.39406, 0, 7.15708e+06
10000, 2, 80, 11.2572, 1.09699, 10.1602, 0, 7.15715e+06
10000, 2, 96, 7.68101, 0.819512, 6.86149, 0, 7.15708e+06
10000, 80, 80, 8.16145, 1.79311, 6.36834, 0, 7.15712e+06
10000, 96, 96, 7.17493, 1.81135, 5.36357, 0, 7.15708e+06
10000, 2, 80, 9.78214, 0.990571, 8.79157, 0, 7.15715e+06
10000, 2, 96, 7.72723, 0.811833, 6.91539, 0, 7.15708e+06
10000, 80, 80, 9.63157, 1.82162, 7.80995, 0, 7.15712e+06
10000, 2, 104, 7.36867, 0.807982, 6.56068, 0, 7.15712e+06
10000, 2, 80, 12.3915, 1.42665, 10.9648, 0, 7.15715e+06
10000, 104, 104, 7.31195, 1.89626, 5.41569, 0, 7.15712e+06
10000, 80, 80, 10.3985, 2.13921, 8.25933, 0, 7.15712e+06
10000, 104, 104, 7.39532, 1.91232, 5.483, 0, 7.15712e+06
10000, 2, 104, 7.38572, 0.80265, 6.58307, 0, 7.15712e+06
10000, 104, 104, 7.23709, 1.91295, 5.32413, 0, 7.15712e+06
10000, 80, 80, 8.81335, 2.31797, 6.49538, 0, 7.15712e+06
10000, 2, 104, 7.8378, 0.819085, 7.01871, 0, 7.15712e+06
10000, 2, 80, 9.38948, 0.932735, 8.45674, 0, 7.15715e+06
10000, 104, 104, 7.34581, 1.90365, 5.44216, 0, 7.15712e+06
10000, 80, 80, 8.64789, 1.80922, 6.83867, 0, 7.15712e+06
10000, 2, 104, 7.38375, 0.802152, 6.5816, 0, 7.15712e+06
10000, 104, 104, 7.16198, 1.86766, 5.29431, 0, 7.15712e+06
10000, 2, 80, 11.082, 1.09917, 9.98281, 0, 7.15715e+06
10000, 2, 104, 7.46974, 0.799319, 6.67042, 0, 7.15712e+06
10000, 80, 80, 11.9859, 1.85675, 10.1291, 0, 7.15712e+06
10000, 104, 104, 7.22244, 1.86592, 5.35652, 0, 7.15712e+06
10000, 2, 104, 7.32229, 0.804066, 6.51822, 0, 7.15712e+06
10000, 2, 80, 10.4517, 0.979308, 9.47237, 0, 7.15715e+06
10000, 104, 104, 7.15615, 1.86358, 5.29257, 0, 7.15712e+06
10000, 80, 80, 9.20103, 1.81726, 7.38377, 0, 7.15712e+06
10000, 2, 104, 7.37312, 0.826854, 6.54626, 0, 7.15712e+06
10000, 2, 80, 8.86466, 0.906975, 7.95769, 0, 7.15715e+06
10000, 104, 104, 7.21759, 1.88123, 5.33636, 0, 7.15712e+06
10000, 80, 80, 7.95428, 1.75229, 6.20199, 0, 7.15712e+06
10000, 2, 104, 7.35024, 0.790928, 6.55931, 0, 7.15712e+06
10000, 2, 80, 9.47587, 0.958986, 8.51688, 0, 7.15715e+06
10000, 104, 104, 7.1453, 1.86619, 5.27911, 0, 7.15712e+06
10000, 2, 104, 7.3604, 0.798828, 6.56157, 0, 7.15712e+06
10000, 80, 80, 10.076, 1.73714, 8.33889, 0, 7.15712e+06
10000, 104, 104, 7.18331, 1.86363, 5.31968, 0, 7.15712e+06
10000, 2, 88, 9.42474, 0.93369, 8.49104, 0, 7.157e+06
10000, 2, 112, 7.19341, 0.786989, 6.40641, 0, 7.1571e+06
10000, 88, 88, 7.69204, 1.81125, 5.88079, 0, 7.15707e+06
10000, 112, 112, 7.32839, 1.94777, 5.38062, 0, 7.15713e+06
10000, 2, 88, 9.12955, 0.872175, 8.25737, 0, 7.157e+06
10000, 112, 112, 7.30151, 1.94345, 5.35806, 0, 7.15713e+06
10000, 88, 88, 9.46225, 1.83205, 7.6302, 0, 7.15707e+06
10000, 2, 112, 7.17737, 0.803928, 6.37344, 0, 7.1571e+06
10000, 2, 88, 12.3495, 1.10187, 11.2476, 0, 7.157e+06
10000, 112, 112, 7.31347, 1.96008, 5.35339, 0, 7.15713e+06
10000, 2, 112, 7.14794, 0.784191, 6.36374, 0, 7.1571e+06
10000, 88, 88, 14.0636, 2.23019, 11.8334, 0, 7.15707e+06
10000, 112, 112, 7.29808, 1.95228, 5.3458, 0, 7.15713e+06
10000, 2, 112, 7.14035, 0.787114, 6.35323, 0, 7.1571e+06
10000, 2, 88, 10.0179, 1.07666, 8.94128, 0, 7.157e+06
10000, 112, 112, 7.36321, 2.02531, 5.3379, 0, 7.15713e+06
10000, 88, 88, 8.55388, 1.94308, 6.6108, 0, 7.15707e+06
10000, 2, 112, 7.20538, 0.788609, 6.41676, 0, 7.1571e+06
10000, 2, 88, 9.82822, 0.970773, 8.85744, 0, 7.157e+06
10000, 112, 112, 7.32303, 1.93404, 5.38899, 0, 7.15713e+06
10000, 88, 88, 9.87607, 2.01927, 7.85679, 0, 7.15707e+06
10000, 112, 112, 7.30869, 1.9778, 5.33088, 0, 7.15713e+06
10000, 2, 88, 12.0805, 1.71894, 10.3615, 0, 7.157e+06
10000, 2, 112, 7.20459, 0.786193, 6.41839, 0, 7.1571e+06
10000, 88, 88, 9.55984, 1.9699, 7.58993, 0, 7.15707e+06
10000, 112, 112, 7.31309, 1.95376, 5.35934, 0, 7.15713e+06
10000, 2, 112, 7.18571, 0.796298, 6.38941, 0, 7.1571e+06
10000, 2, 88, 13.6671, 1.1679, 12.4992, 0, 7.157e+06
10000, 112, 112, 7.21796, 1.94797, 5.26998, 0, 7.15713e+06
10000, 2, 112, 7.03092, 0.774073, 6.25684, 0, 7.1571e+06
10000, 88, 88, 11.364, 2.73632, 8.62771, 0, 7.15707e+06
10000, 112, 112, 7.29296, 1.95551, 5.33746, 0, 7.15713e+06
10000, 2, 88, 9.30406, 0.943809, 8.36024, 0, 7.157e+06
10000, 2, 120, 7.10737, 0.792343, 6.31502, 0, 7.15708e+06
10000, 88, 88, 8.72325, 1.90494, 6.81832, 0, 7.15707e+06
10000, 120, 120, 7.47143, 2.03957, 5.43186, 0, 7.15706e+06
10000, 2, 120, 6.9671, 0.761759, 6.20534, 0, 7.15708e+06
10000, 2, 88, 12.5328, 1.02564, 11.5072, 0, 7.157e+06
10000, 120, 120, 7.40817, 2.02902, 5.37915, 0, 7.15706e+06
10000, 88, 88, 12.1713, 2.25654, 9.91479, 0, 7.15707e+06
10000, 2, 120, 6.78283, 0.737486, 6.04534, 0, 7.15708e+06
10000, 120, 120, 7.35228, 2.03064, 5.32164, 0, 7.15706e+06
10000, 2, 88, 10.7708, 1.0019, 9.76889, 0, 7.157e+06
10000, 2, 120, 6.7831, 0.733672, 6.04942, 0, 7.15708e+06
10000, 88, 88, 13.1289, 2.17115, 10.9578, 0, 7.15707e+06
10000, 2, 120, 6.9191, 0.761997, 6.1571, 0, 7.15708e+06
10000, 2, 96, 10.9912, 1.30308, 9.68811, 0, 7.15708e+06
10000, 120, 120, 7.4112, 2.02127, 5.38993, 0, 7.15706e+06
10000, 96, 96, 8.64223, 2.02905, 6.61318, 0, 7.15708e+06
10000, 120, 120, 7.32095, 2.00868, 5.31226, 0, 7.15706e+06
10000, 2, 96, 9.65993, 0.924508, 8.73542, 0, 7.15708e+06
10000, 2, 120, 6.96405, 0.778433, 6.18562, 0, 7.15708e+06
10000, 96, 96, 11.2834, 2.19206, 9.09133, 0, 7.15708e+06
10000, 120, 120, 7.4296, 2.08732, 5.34228, 0, 7.15706e+06
10000, 2, 96, 9.68707, 0.979481, 8.70758, 0, 7.15708e+06
10000, 2, 120, 6.8687, 0.754593, 6.1141, 0, 7.15708e+06
10000, 96, 96, 9.19932, 2.04664, 7.15267, 0, 7.15708e+06
10000, 2, 120, 6.91305, 0.73949, 6.17355, 0, 7.15708e+06
10000, 2, 96, 9.28508, 0.929969, 8.35511, 0, 7.15708e+06
10000, 120, 120, 7.37967, 2.04259, 5.33708, 0, 7.15706e+06
10000, 96, 96, 9.15288, 2.03359, 7.1193, 0, 7.15708e+06
10000, 2, 120, 6.7939, 0.730166, 6.06373, 0, 7.15708e+06
10000, 2, 96, 10.2118, 0.874826, 9.33698, 0, 7.15708e+06
10000, 120, 120, 7.39586, 2.04352, 5.35234, 0, 7.15706e+06
10000, 2, 128, 6.67773, 0.723491, 5.95423, 0, 7.15696e+06
10000, 96, 96, 10.7041, 2.42914, 8.27497, 0, 7.15708e+06
10000, 128, 128, 7.53141, 2.16071, 5.37069, 0, 7.15716e+06
10000, 2, 96, 8.81302, 0.893668, 7.91935, 0, 7.15708e+06
10000, 2, 128, 6.68793, 0.726849, 5.96107, 0, 7.15696e+06
10000, 96, 96, 7.77337, 1.94485, 5.82852, 0, 7.15708e+06
10000, 128, 128, 7.52818, 2.12353, 5.40465, 0, 7.15716e+06
10000, 2, 96, 8.01976, 0.823941, 7.19582, 0, 7.15708e+06
10000, 2, 128, 6.70971, 0.73734, 5.97237, 0, 7.15696e+06
10000, 128, 128, 7.50769, 2.12875, 5.37894, 0, 7.15716e+06
10000, 96, 96, 10.8388, 3.2441, 7.59471, 0, 7.15708e+06
10000, 2, 128, 6.7919, 0.743804, 6.04809, 0, 7.15696e+06
10000, 2, 96, 13.0409, 1.14805, 11.8928, 0, 7.15708e+06
10000, 128, 128, 7.52483, 2.1339, 5.39094, 0, 7.15716e+06
10000, 2, 128, 6.69552, 0.724915, 5.9706, 0, 7.15696e+06
10000, 96, 96, 11.5471, 2.85624, 8.69082, 0, 7.15708e+06
10000, 128, 128, 7.54006, 2.13579, 5.40427, 0, 7.15716e+06
10000, 2, 96, 9.00138, 0.893867, 8.10751, 0, 7.15708e+06
10000, 2, 128, 6.72066, 0.729465, 5.99119, 0, 7.15696e+06
10000, 128, 128, 7.51286, 2.13592, 5.37695, 0, 7.15716e+06
10000, 96, 96, 9.37534, 2.04903, 7.32632, 0, 7.15708e+06
10000, 2, 128, 6.73049, 0.725382, 6.0051, 0, 7.15696e+06
10000, 2, 96, 11.0843, 0.972523, 10.1117, 0, 7.15708e+06
10000, 128, 128, 7.50649, 2.147, 5.35948, 0, 7.15716e+06
10000, 2, 128, 6.72458, 0.726976, 5.9976, 0, 7.15696e+06
10000, 96, 96, 9.40573, 2.39176, 7.01397, 0, 7.15708e+06
10000, 128, 128, 7.57092, 2.18476, 5.38616, 0, 7.15716e+06
10000, 2, 128, 6.68159, 0.727961, 5.95362, 0, 7.15696e+06
10000, 2, 104, 13.823, 1.42127, 12.4017, 0, 7.15712e+06
10000, 128, 128, 7.55281, 2.17042, 5.38239, 0, 7.15716e+06
10000, 104, 104, 10.797, 2.62754, 8.16942, 0, 7.15712e+06
10000, 2, 128, 6.70551, 0.733572, 5.97194, 0, 7.15696e+06
10000, 2, 104, 8.79055, 0.891756, 7.89879, 0, 7.15712e+06
10000, 128, 128, 7.58497, 2.14135, 5.44362, 0, 7.15716e+06
10000, 104, 104, 9.48106, 2.22487, 7.25618, 0, 7.15712e+06
10000, 2, 104, 11.9191, 1.06018, 10.8589, 0, 7.15712e+06
10000, 104, 104, 9.87297, 2.75251, 7.12046, 0, 7.15712e+06
10000, 2, 104, 13.7826, 1.14677, 12.6358, 0, 7.15712e+06
10000, 104, 104, 11.9078, 3.06901, 8.83878, 0, 7.15712e+06
10000, 2, 104, 9.032, 0.922919, 8.10908, 0, 7.15712e+06
10000, 104, 104, 9.96189, 2.23914, 7.72275, 0, 7.15712e+06
10000, 2, 104, 9.59226, 1.09334, 8.49891, 0, 7.15712e+06
10000, 104, 104, 9.09299, 2.57989, 6.5131, 0, 7.15712e+06
10000, 2, 104, 9.25025, 0.905801, 8.34445, 0, 7.15712e+06
10000, 104, 104, 8.74914, 2.12939, 6.61975, 0, 7.15712e+06
10000, 2, 104, 8.70639, 0.897947, 7.80844, 0, 7.15712e+06
10000, 104, 104, 9.58402, 2.1337, 7.45033, 0, 7.15712e+06
10000, 2, 104, 9.17611, 0.935472, 8.24063, 0, 7.15712e+06
10000, 104, 104, 8.17914, 2.27177, 5.90736, 0, 7.15712e+06
10000, 2, 104, 8.09491, 0.833793, 7.26111, 0, 7.15712e+06
10000, 104, 104, 10.7742, 3.10387, 7.67028, 0, 7.15712e+06
10000, 2, 112, 13.0251, 1.08868, 11.9364, 0, 7.1571e+06
10000, 112, 112, 9.33467, 2.5906, 6.74407, 0, 7.15713e+06
10000, 2, 112, 8.77655, 0.888819, 7.88773, 0, 7.1571e+06
10000, 112, 112, 10.4198, 2.36571, 8.05406, 0, 7.15713e+06
10000, 2, 112, 10.1604, 1.46452, 8.69587, 0, 7.1571e+06
10000, 112, 112, 12.0347, 2.40387, 9.63081, 0, 7.15713e+06
10000, 2, 112, 10.9441, 1.10802, 9.83607, 0, 7.1571e+06
10000, 112, 112, 9.26198, 2.30229, 6.95969, 0, 7.15713e+06
10000, 2, 112, 10.0018, 0.904807, 9.09699, 0, 7.1571e+06
10000, 112, 112, 10.6336, 2.25574, 8.37789, 0, 7.15713e+06
10000, 2, 112, 10.0007, 1.04438, 8.95637, 0, 7.1571e+06
10000, 112, 112, 13.6201, 2.62698, 10.9931, 0, 7.15713e+06
10000, 2, 112, 8.76627, 0.878422, 7.88785, 0, 7.1571e+06
10000, 112, 112, 10.021, 2.30061, 7.72037, 0, 7.15713e+06
10000, 2, 112, 10.5729, 1.07932, 9.49358, 0, 7.1571e+06
10000, 112, 112, 9.42055, 2.28784, 7.13271, 0, 7.15713e+06
10000, 2, 112, 8.3533, 0.857357, 7.49593, 0, 7.1571e+06
10000, 112, 112, 9.28818, 2.33078, 6.9574, 0, 7.15713e+06
10000, 2, 112, 9.31554, 0.921017, 8.39452, 0, 7.1571e+06
10000, 112, 112, 9.05239, 2.42167, 6.63072, 0, 7.15713e+06
10000, 2, 120, 7.83131, 0.788003, 7.04331, 0, 7.15708e+06
10000, 120, 120, 9.98024, 2.27233, 7.70791, 0, 7.15706e+06
10000, 2, 120, 11.4995, 1.03751, 10.462, 0, 7.15708e+06
10000, 120, 120, 9.42864, 2.79337, 6.63527, 0, 7.15706e+06
10000, 2, 120, 8.8333, 0.897431, 7.93586, 0, 7.15708e+06
10000, 120, 120, 10.6979, 2.54928, 8.14866, 0, 7.15706e+06
10000, 2, 120, 9.22096, 0.981047, 8.23991, 0, 7.15708e+06
10000, 120, 120, 13.5882, 2.77625, 10.8119, 0, 7.15706e+06
10000, 2, 120, 8.7751, 0.905161, 7.86994, 0, 7.15708e+06
10000, 120, 120, 9.95004, 2.49022, 7.45981, 0, 7.15706e+06
10000, 2, 120, 10.1157, 1.03161, 9.08412, 0, 7.15708e+06
10000, 120, 120, 12.7204, 2.51008, 10.2103, 0, 7.15706e+06
10000, 2, 120, 8.67938, 1.12425, 7.55512, 0, 7.15708e+06
10000, 120, 120, 10.476, 2.43352, 8.04253, 0, 7.15706e+06
10000, 2, 120, 9.79061, 0.990471, 8.80014, 0, 7.15708e+06
10000, 120, 120, 9.6366, 2.54395, 7.09265, 0, 7.15706e+06
10000, 2, 120, 8.46581, 1.03224, 7.43357, 0, 7.15708e+06
10000, 120, 120, 9.78319, 2.40308, 7.38011, 0, 7.15706e+06
10000, 2, 120, 8.98906, 0.992704, 7.99635, 0, 7.15708e+06
10000, 120, 120, 8.4558, 2.27937, 6.17643, 0, 7.15706e+06
10000, 2, 128, 9.00456, 0.950025, 8.05453, 0, 7.15696e+06
10000, 128, 128, 12.0258, 2.61548, 9.41028, 0, 7.15716e+06
10000, 2, 128, 8.6393, 0.865977, 7.77332, 0, 7.15696e+06
10000, 128, 128, 12.406, 2.62126, 9.78475, 0, 7.15716e+06
10000, 2, 128, 9.83556, 0.906165, 8.92939, 0, 7.15696e+06
10000, 128, 128, 9.71682, 2.74908, 6.96774, 0, 7.15716e+06
10000, 2, 128, 9.08592, 0.918225, 8.16769, 0, 7.15696e+06
10000, 128, 128, 10.1785, 2.31312, 7.86536, 0, 7.15716e+06
10000, 2, 128, 12.1056, 0.980477, 11.1251, 0, 7.15696e+06
10000, 128, 128, 10.517, 2.87395, 7.64308, 0, 7.15716e+06
10000, 2, 128, 9.57839, 0.859361, 8.71902, 0, 7.15696e+06
10000, 128, 128, 9.56335, 2.50173, 7.06162, 0, 7.15716e+06
10000, 2, 128, 7.98665, 0.84643, 7.14021, 0, 7.15696e+06
10000, 128, 128, 10.3545, 2.47584, 7.87863, 0, 7.15716e+06
10000, 2, 128, 11.1888, 1.00421, 10.1846, 0, 7.15696e+06
10000, 128, 128, 12.8796, 2.90419, 9.97544, 0, 7.15716e+06
10000, 2, 128, 9.35884, 0.891611, 8.46723, 0, 7.15696e+06
10000, 128, 128, 11.47, 2.61119, 8.85882, 0, 7.15716e+06
10000, 2, 128, 9.57383, 0.837567, 8.73626, 0, 7.15696e+06
10000, 128, 128, 8.76436, 2.60965, 6.15471, 0, 7.15716e+06
10000, 2, 128, 9.56873, 0.937613, 8.63112, 0, 7.15696e+06
10000, 128, 128, 8.92247, 2.49092, 6.43154, 0, 7.15716e+06
10000, 2, 136, 9.24062, 1.04273, 8.19788, 0, 7.15688e+06
10000, 136, 136, 9.55535, 2.49671, 7.05864, 0, 7.15717e+06
10000, 2, 144, 10.5279, 1.16505, 9.36283, 0, 7.15698e+06
10000, 144, 144, 9.99535, 2.68752, 7.30783, 0, 7.15714e+06
10000, 2, 152, 8.53459, 0.923638, 7.61095, 0, 7.15703e+06
10000, 152, 152, 8.33335, 2.48979, 5.84356, 0, 7.15716e+06
10000, 2, 160, 9.70324, 1.02874, 8.6745, 0, 7.15698e+06
10000, 160, 160, 8.49242, 2.6429, 5.84952, 0, 7.15704e+06
10000, 2, 168, 8.45905, 0.898732, 7.56032, 0, 7.15698e+06
10000, 168, 168, 8.57259, 2.63308, 5.93951, 0, 7.15709e+06
10000, 2, 176, 12.3395, 1.31938, 11.0201, 0, 7.15697e+06
10000, 176, 176, 10.1289, 2.96798, 7.16091, 0, 7.15709e+06
10000, 2, 128, 9.23422, 0.899372, 8.33484, 0, 7.15696e+06
10000, 128, 128, 9.68057, 2.5166, 7.16397, 0, 7.15716e+06
10000, 2, 136, 10.0607, 1.05453, 9.00617, 0, 7.15688e+06
10000, 136, 136, 9.81537, 2.58812, 7.22725, 0, 7.15717e+06
10000, 2, 144, 10.318, 1.0533, 9.26466, 0, 7.15698e+06
10000, 144, 144, 8.70273, 2.6506, 6.05213, 0, 7.15714e+06
10000, 2, 152, 13.5355, 1.45748, 12.078, 0, 7.15703e+06
10000, 152, 152, 13.5201, 3.40277, 10.1173, 0, 7.15716e+06
10000, 2, 160, 11.2757, 1.43062, 9.84503, 0, 7.15698e+06
10000, 160, 160, 9.48948, 2.80508, 6.68439, 0, 7.15704e+06
10000, 2, 168, 8.81341, 0.985203, 7.8282, 0, 7.15698e+06
10000, 168, 168, 10.021, 3.34807, 6.67297, 0, 7.15709e+06
10000, 2, 176, 9.128, 1.0263, 8.10169, 0, 7.15697e+06
10000, 176, 176, 9.50124, 3.06342, 6.43782, 0, 7.15709e+06
10000, 2, 128, 7.17215, 0.751864, 6.42028, 0, 7.15696e+06
10000, 128, 128, 7.98969, 2.2822, 5.7075, 0, 7.15716e+06
10000, 2, 136, 13.3413, 1.53725, 11.8041, 0, 7.15688e+06
10000, 136, 136, 11.372, 3.07277, 8.29926, 0, 7.15717e+06
10000, 2, 144, 11.2605, 1.30535, 9.95509, 0, 7.15698e+06
10000, 144, 144, 8.5303, 2.58059, 5.94971, 0, 7.15714e+06
10000, 2, 152, 9.81955, 0.959532, 8.86002, 0, 7.15703e+06
10000, 152, 152, 8.36516, 2.50208, 5.86309, 0, 7.15716e+06
10000, 2, 160, 8.75591, 0.9122, 7.84371, 0, 7.15698e+06
10000, 160, 160, 8.47846, 2.60384, 5.87462, 0, 7.15704e+06
10000, 2, 168, 8.7224, 0.895702, 7.82669, 0, 7.15698e+06
10000, 168, 168, 8.59859, 2.69084, 5.90775, 0, 7.15709e+06
10000, 2, 176, 11.6073, 1.37572, 10.2316, 0, 7.15697e+06
10000, 176, 176, 9.48444, 3.51761, 5.96683, 0, 7.15709e+06
10000, 2, 128, 7.79157, 0.848845, 6.94272, 0, 7.15696e+06
10000, 128, 128, 8.2297, 2.29112, 5.93857, 0, 7.15716e+06
10000, 2, 136, 8.79321, 0.974909, 7.81829, 0, 7.15688e+06
10000, 136, 136, 8.13506, 2.36727, 5.76779, 0, 7.15717e+06
10000, 2, 144, 10.1478, 1.09208, 9.05571, 0, 7.15698e+06
10000, 144, 144, 8.27292, 2.4551, 5.81782, 0, 7.15714e+06
10000, 2, 152, 9.79526, 1.05856, 8.7367, 0, 7.15703e+06
10000, 152, 152, 8.37475, 2.51806, 5.85669, 0, 7.15716e+06
10000, 2, 160, 9.24836, 0.982263, 8.26609, 0, 7.15698e+06
10000, 160, 160, 9.41491, 2.7911, 6.62381, 0, 7.15704e+06
10000, 2, 168, 8.85232, 1.04823, 7.80409, 0, 7.15698e+06
10000, 168, 168, 9.51183, 2.86, 6.65183, 0, 7.15709e+06
10000, 2, 176, 11.0372, 1.36762, 9.66956, 0, 7.15697e+06
10000, 176, 176, 14.2914, 3.70031, 10.5911, 0, 7.15709e+06
10000, 2, 128, 9.54919, 1.18332, 8.36586, 0, 7.15696e+06
10000, 128, 128, 10.8521, 2.99618, 7.85592, 0, 7.15716e+06
10000, 2, 136, 8.98308, 0.962037, 8.02104, 0, 7.15688e+06
10000, 136, 136, 8.13544, 2.3595, 5.77594, 0, 7.15717e+06
10000, 2, 144, 8.50287, 0.907239, 7.59563, 0, 7.15698e+06
10000, 144, 144, 8.24418, 2.4436, 5.80058, 0, 7.15714e+06
10000, 2, 152, 9.77131, 1.03298, 8.73832, 0, 7.15703e+06
10000, 152, 152, 8.31407, 2.47718, 5.83689, 0, 7.15716e+06
10000, 2, 160, 10.4128, 1.15679, 9.25599, 0, 7.15698e+06
10000, 160, 160, 8.49799, 2.59618, 5.90181, 0, 7.15704e+06
10000, 2, 168, 10.2822, 1.14099, 9.14122, 0, 7.15698e+06
10000, 168, 168, 8.59631, 2.69634, 5.89997, 0, 7.15709e+06
10000, 2, 176, 10.2254, 1.14336, 9.08207, 0, 7.15697e+06
10000, 176, 176, 8.78712, 2.79343, 5.99369, 0, 7.15709e+06
10000, 2, 128, 7.1154, 0.906036, 6.20936, 0, 7.15696e+06
10000, 128, 128, 7.90689, 2.30543, 5.60146, 0, 7.15716e+06
10000, 2, 136, 8.26465, 0.953375, 7.31127, 0, 7.15688e+06
10000, 136, 136, 7.89541, 2.3418, 5.55361, 0, 7.15717e+06
10000, 2, 144, 8.3172, 0.946524, 7.37067, 0, 7.15698e+06
10000, 144, 144, 8.54875, 2.65464, 5.89411, 0, 7.15714e+06
10000, 2, 152, 8.94175, 1.08812, 7.85363, 0, 7.15703e+06
10000, 152, 152, 8.12336, 2.41153, 5.71183, 0, 7.15716e+06
10000, 2, 160, 8.13218, 0.989914, 7.14226, 0, 7.15698e+06
10000, 160, 160, 8.19383, 2.50216, 5.69167, 0, 7.15704e+06
10000, 2, 168, 8.10574, 0.942581, 7.16316, 0, 7.15698e+06
10000, 168, 168, 8.4839, 2.6291, 5.8548, 0, 7.15709e+06
10000, 2, 176, 7.80307, 0.896185, 6.90688, 0, 7.15697e+06
10000, 176, 176, 8.63446, 2.73019, 5.90426, 0, 7.15709e+06
10000, 2, 128, 6.92811, 0.814425, 6.11368, 0, 7.15696e+06
10000, 128, 128, 7.75513, 2.20503, 5.5501, 0, 7.15716e+06
10000, 2, 136, 8.32482, 0.996629, 7.32819, 0, 7.15688e+06
10000, 136, 136, 7.85185, 2.27641, 5.57544, 0, 7.15717e+06
10000, 2, 144, 8.30898, 0.969304, 7.33966, 0, 7.15698e+06
10000, 144, 144, 8.13609, 2.31763, 5.81846, 0, 7.15714e+06
10000, 2, 152, 8.28668, 0.940607, 7.34607, 0, 7.15703e+06
10000, 152, 152, 8.26464, 2.58718, 5.67746, 0, 7.15716e+06
10000, 2, 160, 7.98551, 0.923915, 7.06159, 0, 7.15698e+06
10000, 160, 160, 8.25651, 2.51707, 5.73944, 0, 7.15704e+06
10000, 2, 168, 8.07483, 0.942816, 7.13201, 0, 7.15698e+06
10000, 168, 168, 8.2927, 2.58491, 5.70779, 0, 7.15709e+06
10000, 2, 176, 7.85971, 0.929215, 6.93049, 0, 7.15697e+06
10000, 176, 176, 8.56358, 2.7084, 5.85517, 0, 7.15709e+06
10000, 2, 128, 6.99234, 0.820715, 6.17162, 0, 7.15696e+06
10000, 128, 128, 7.76464, 2.18788, 5.57676, 0, 7.15716e+06
10000, 2, 136, 8.28409, 0.961067, 7.32302, 0, 7.15688e+06
10000, 136, 136, 7.98834, 2.27602, 5.71232, 0, 7.15717e+06
10000, 2, 144, 8.34605, 0.981654, 7.36438, 0, 7.15698e+06
10000, 144, 144, 8.01987, 2.33841, 5.68146, 0, 7.15714e+06
10000, 2, 152, 8.18629, 0.943122, 7.24316, 0, 7.15703e+06
10000, 152, 152, 8.08758, 2.43346, 5.65411, 0, 7.15716e+06
10000, 2, 160, 8.16727, 0.93659, 7.23068, 0, 7.15698e+06
10000, 160, 160, 8.23397, 2.51239, 5.72158, 0, 7.15704e+06
10000, 2, 168, 8.06338, 0.920622, 7.14275, 0, 7.15698e+06
10000, 168, 168, 8.35699, 2.62072, 5.73627, 0, 7.15709e+06
10000, 2, 176, 7.84403, 0.942226, 6.9018, 0, 7.15697e+06
10000, 176, 176, 8.59058, 2.70073, 5.88986, 0, 7.15709e+06
10000, 2, 128, 7.0126, 0.815858, 6.19673, 0, 7.15696e+06
10000, 128, 128, 7.88637, 2.23822, 5.64815, 0, 7.15716e+06
10000, 2, 136, 8.37295, 0.955026, 7.41791, 0, 7.15688e+06
10000, 136, 136, 7.96055, 2.30335, 5.6572, 0, 7.15717e+06
10000, 2, 144, 8.17554, 0.928385, 7.24715, 0, 7.15698e+06
10000, 144, 144, 8.10557, 2.39029, 5.71528, 0, 7.15714e+06
10000, 2, 152, 8.2824, 0.949298, 7.3331, 0, 7.15703e+06
10000, 152, 152, 8.16746, 2.44533, 5.72213, 0, 7.15716e+06
10000, 2, 160, 8.2656, 0.959159, 7.30643, 0, 7.15698e+06
10000, 160, 160, 8.34722, 2.54389, 5.80333, 0, 7.15704e+06
10000, 2, 168, 8.00297, 0.95506, 7.04791, 0, 7.15698e+06
10000, 168, 168, 8.41086, 2.60881, 5.80206, 0, 7.15709e+06
10000, 2, 176, 7.9869, 0.932873, 7.05402, 0, 7.15697e+06
10000, 176, 176, 8.49734, 2.68358, 5.81376, 0, 7.15709e+06
10000, 2, 128, 7.0476, 0.832165, 6.21544, 0, 7.15696e+06
10000, 128, 128, 7.74617, 2.20195, 5.54422, 0, 7.15716e+06
10000, 2, 136, 8.28021, 0.944093, 7.33612, 0, 7.15688e+06
10000, 136, 136, 7.87828, 2.27495, 5.60333, 0, 7.15717e+06
10000, 2, 144, 8.24399, 0.929715, 7.31427, 0, 7.15698e+06
10000, 144, 144, 8.02095, 2.37902, 5.64193, 0, 7.15714e+06
10000, 2, 152, 8.21189, 0.951784, 7.26011, 0, 7.15703e+06
10000, 152, 152, 8.13213, 2.44653, 5.6856, 0, 7.15716e+06
10000, 2, 160, 8.14829, 0.927438, 7.22085, 0, 7.15698e+06
10000, 160, 160, 8.25719, 2.51047, 5.74672, 0, 7.15704e+06
10000, 2, 168, 7.97139, 0.93332, 7.03806, 0, 7.15698e+06
10000, 168, 168, 8.2948, 2.56283, 5.73197, 0, 7.15709e+06
10000, 2, 176, 7.98303, 0.926733, 7.05629, 0, 7.15697e+06
10000, 176, 176, 8.41067, 2.67938, 5.73129, 0, 7.15709e+06
10000, 2, 128, 6.98145, 0.740157, 6.24129, 0, 7.15696e+06
10000, 128, 128, 7.62269, 2.1641, 5.45859, 0, 7.15716e+06
10000, 2, 136, 8.37937, 0.894498, 7.48487, 0, 7.15688e+06
10000, 136, 136, 7.74856, 2.23484, 5.51372, 0, 7.15717e+06
10000, 2, 144, 8.15454, 0.875876, 7.27866, 0, 7.15698e+06
10000, 144, 144, 7.8621, 2.33665, 5.52546, 0, 7.15714e+06
10000, 2, 152, 8.01649, 0.868011, 7.14847, 0, 7.15703e+06
10000, 152, 152, 7.9365, 2.38165, 5.55485, 0, 7.15716e+06
10000, 2, 160, 7.99677, 0.865846, 7.13092, 0, 7.15698e+06
10000, 160, 160, 8.07391, 2.46852, 5.60538, 0, 7.15704e+06
10000, 2, 168, 7.94464, 0.867402, 7.07724, 0, 7.15698e+06
10000, 168, 168, 8.16812, 2.54464, 5.62348, 0, 7.15709e+06
10000, 2, 176, 7.83282, 0.858204, 6.97461, 0, 7.15697e+06
10000, 176, 176, 8.3066, 2.60665, 5.69994, 0, 7.15709e+06
10000, 2, 128, 6.82176, 0.737455, 6.0843, 0, 7.15696e+06
10000, 128, 128, 7.63791, 2.15399, 5.48392, 0, 7.15716e+06
10000, 2, 136, 8.30032, 0.899095, 7.40122, 0, 7.15688e+06
10000, 136, 136, 7.72749, 2.23921, 5.48828, 0, 7.15717e+06
10000, 2, 144, 8.14841, 0.887713, 7.2607, 0, 7.15698e+06
10000, 144, 144, 7.89481, 2.37831, 5.5165, 0, 7.15714e+06
10000, 2, 152, 8.17752, 0.878698, 7.29882, 0, 7.15703e+06
10000, 152, 152, 8.00347, 2.38744, 5.61603, 0, 7.15716e+06
10000, 2, 160, 8.06607, 0.877312, 7.18875, 0, 7.15698e+06
10000, 160, 160, 8.12744, 2.45519, 5.67224, 0, 7.15704e+06
10000, 2, 168, 7.90282, 0.853905, 7.04891, 0, 7.15698e+06
10000, 168, 168, 8.14018, 2.53526, 5.60492, 0, 7.15709e+06
10000, 2, 176, 7.96495, 0.86248, 7.10247, 0, 7.15697e+06
10000, 176, 176, 8.31978, 2.60984, 5.70994, 0, 7.15709e+06
10000, 2, 128, 7.05764, 0.739301, 6.31834, 0, 7.15696e+06
10000, 128, 128, 7.58723, 2.14756, 5.43967, 0, 7.15716e+06
10000, 2, 136, 8.18863, 0.886345, 7.30228, 0, 7.15688e+06
10000, 136, 136, 7.73081, 2.22208, 5.50873, 0, 7.15717e+06
10000, 2, 144, 8.15179, 0.885471, 7.26632, 0, 7.15698e+06
10000, 144, 144, 7.84428, 2.3317, 5.51258, 0, 7.15714e+06
10000, 2, 152, 8.14228, 0.874201, 7.26808, 0, 7.15703e+06
10000, 152, 152, 7.91963, 2.36375, 5.55588, 0, 7.15716e+06
10000, 2, 160, 8.07028, 0.87141, 7.19886, 0, 7.15698e+06
10000, 160, 160, 8.06254, 2.48143, 5.58112, 0, 7.15704e+06
10000, 2, 168, 7.86973, 0.871725, 6.99801, 0, 7.15698e+06
10000, 168, 168, 8.16365, 2.5244, 5.63924, 0, 7.15709e+06
10000, 2, 176, 7.77734, 0.846308, 6.93102, 0, 7.15697e+06
10000, 176, 176, 8.32812, 2.65827, 5.66985, 0, 7.15709e+06
10000, 2, 128, 6.92872, 0.792618, 6.1361, 0, 7.15696e+06
10000, 128, 128, 7.63273, 2.16129, 5.47144, 0, 7.15716e+06
10000, 2, 136, 8.20369, 0.884719, 7.31897, 0, 7.15688e+06
10000, 136, 136, 7.78871, 2.25098, 5.53774, 0, 7.15717e+06
10000, 2, 144, 8.1393, 0.868988, 7.27031, 0, 7.15698e+06
10000, 144, 144, 7.86379, 2.32435, 5.53944, 0, 7.15714e+06
10000, 2, 152, 8.02721, 0.860639, 7.16657, 0, 7.15703e+06
10000, 152, 152, 8.06962, 2.42167, 5.64796, 0, 7.15716e+06
10000, 2, 160, 8.06243, 0.872575, 7.18985, 0, 7.15698e+06
10000, 160, 160, 8.07719, 2.45403, 5.62316, 0, 7.15704e+06
10000, 2, 168, 7.93058, 0.870105, 7.06047, 0, 7.15698e+06
10000, 168, 168, 8.15858, 2.50058, 5.658, 0, 7.15709e+06
10000, 2, 176, 7.77127, 0.840153, 6.93111, 0, 7.15697e+06
10000, 176, 176, 8.30812, 2.59142, 5.71671, 0, 7.15709e+06
10000, 2, 128, 6.88325, 0.749598, 6.13365, 0, 7.15696e+06
10000, 128, 128, 7.61997, 2.1772, 5.44277, 0, 7.15716e+06
10000, 2, 136, 8.3813, 0.896631, 7.48466, 0, 7.15688e+06
10000, 136, 136, 7.75938, 2.20903, 5.55034, 0, 7.15717e+06
10000, 2, 144, 8.16068, 0.892939, 7.26773, 0, 7.15698e+06
10000, 144, 144, 7.85656, 2.31529, 5.54127, 0, 7.15714e+06
10000, 2, 152, 8.11589, 0.873946, 7.24194, 0, 7.15703e+06
10000, 152, 152, 7.99601, 2.40888, 5.58713, 0, 7.15716e+06
10000, 2, 160, 8.07826, 0.864347, 7.21391, 0, 7.15698e+06
10000, 160, 160, 8.11517, 2.47791, 5.63726, 0, 7.15704e+06
10000, 2, 168, 7.98527, 0.869318, 7.11594, 0, 7.15698e+06
10000, 168, 168, 8.14501, 2.49678, 5.64823, 0, 7.15709e+06
10000, 2, 176, 7.85876, 0.858903, 6.99986, 0, 7.15697e+06
10000, 176, 176, 8.32076, 2.61723, 5.70353, 0, 7.15709e+06
