50, 2, 24, 0.356067, 0.0211217, 0.334943, 0, 147631
50, 24, 24, 0.476361, 0.0535255, 0.422803, 0, 147632
50, 2, 24, 0.395449, 0.0195053, 0.375939, 0, 147631
50, 24, 24, 0.428978, 0.0435951, 0.385382, 0, 147632
50, 2, 24, 0.485614, 0.0221613, 0.463449, 0, 147631
50, 24, 24, 0.477172, 0.0539015, 0.42327, 0, 147632
50, 2, 24, 0.351467, 0.018797, 0.332667, 0, 147631
50, 24, 24, 0.436481, 0.0432921, 0.393187, 0, 147632
50, 2, 24, 0.350058, 0.0193044, 0.33075, 0, 147631
50, 24, 24, 0.414274, 0.0494105, 0.364863, 0, 147632
50, 2, 24, 0.385928, 0.0189396, 0.366983, 0, 147631
50, 24, 24, 0.419119, 0.0514121, 0.367706, 0, 147632
50, 2, 24, 0.382893, 0.0196221, 0.363268, 0, 147631
50, 24, 24, 0.444773, 0.0444114, 0.40036, 0, 147632
50, 2, 24, 0.387684, 0.0191357, 0.368545, 0, 147631
50, 24, 24, 0.394088, 0.0396695, 0.354417, 0, 147632
50, 2, 24, 0.386622, 0.019081, 0.367537, 0, 147631
50, 24, 24, 0.408738, 0.043491, 0.365246, 0, 147632
50, 2, 24, 0.37905, 0.0179006, 0.361145, 0, 147631
50, 24, 24, 0.404215, 0.0416302, 0.362584, 0, 147632
50, 2, 32, 0.392636, 0.0494068, 0.343227, 0, 147621
50, 32, 32, 0.413662, 0.0626054, 0.351056, 0, 147642
50, 2, 32, 0.411678, 0.0483228, 0.363352, 0, 147621
50, 32, 32, 0.392699, 0.0725175, 0.320182, 0, 147642
50, 2, 32, 0.355449, 0.0489526, 0.306486, 0, 147621
50, 32, 32, 0.529913, 0.061793, 0.468119, 0, 147642
50, 2, 32, 0.394664, 0.0470256, 0.347635, 0, 147621
50, 32, 32, 0.415243, 0.0642221, 0.351021, 0, 147642
50, 2, 32, 0.387112, 0.0468584, 0.34025, 0, 147621
50, 32, 32, 0.431867, 0.0578922, 0.373973, 0, 147642
50, 2, 32, 0.593883, 0.0493405, 0.544541, 0, 147621
50, 32, 32, 0.43963, 0.0674035, 0.372226, 0, 147642
50, 2, 32, 0.54614, 0.0487066, 0.497422, 0, 147621
50, 32, 32, 0.415622, 0.0672665, 0.348356, 0, 147642
50, 2, 32, 0.392493, 0.0459422, 0.346544, 0, 147621
50, 32, 32, 0.438213, 0.0709506, 0.367261, 0, 147642
50, 2, 32, 0.387993, 0.0487527, 0.339236, 0, 147621
50, 32, 32, 0.33871, 0.0493753, 0.289334, 0, 147642
50, 2, 32, 0.328561, 0.0460141, 0.282544, 0, 147621
50, 32, 32, 0.464242, 0.056528, 0.407714, 0, 147642
50, 2, 40, 0.362346, 0.0425285, 0.319814, 0, 147607
50, 40, 40, 0.392738, 0.0731394, 0.319598, 0, 147642
50, 2, 40, 0.272117, 0.040229, 0.231884, 0, 147607
50, 40, 40, 0.359001, 0.0703937, 0.288607, 0, 147642
50, 2, 40, 0.319386, 0.0406739, 0.278708, 0, 147607
50, 40, 40, 0.377237, 0.0610137, 0.316222, 0, 147642
50, 2, 40, 0.36784, 0.0406325, 0.327198, 0, 147607
50, 40, 40, 0.41508, 0.0767879, 0.33829, 0, 147642
50, 2, 40, 0.323701, 0.0411592, 0.282536, 0, 147607
50, 40, 40, 0.381233, 0.0760808, 0.30515, 0, 147642
50, 2, 40, 0.323526, 0.0405492, 0.282972, 0, 147607
50, 40, 40, 0.35113, 0.0719404, 0.279189, 0, 147642
50, 2, 40, 0.347175, 0.0416679, 0.305502, 0, 147607
50, 40, 40, 0.386993, 0.0699506, 0.317042, 0, 147642
50, 2, 40, 0.362086, 0.0415778, 0.320504, 0, 147607
50, 40, 40, 0.405176, 0.0584362, 0.346739, 0, 147642
50, 2, 40, 0.363383, 0.043027, 0.320351, 0, 147607
50, 40, 40, 0.378236, 0.0613128, 0.316922, 0, 147642
50, 2, 40, 0.370255, 0.0507263, 0.319526, 0, 147607
50, 40, 40, 0.390112, 0.0599657, 0.330145, 0, 147642
50, 2, 48, 0.420024, 0.0220651, 0.397956, 0, 147592
50, 48, 48, 0.349235, 0.0741611, 0.275067, 0, 147642
50, 2, 48, 0.198632, 0.0200105, 0.178619, 0, 147592
50, 48, 48, 0.319998, 0.0862349, 0.233762, 0, 147642
50, 2, 48, 0.264983, 0.0202761, 0.2447, 0, 147592
50, 48, 48, 0.321206, 0.0920564, 0.229148, 0, 147642
50, 2, 48, 0.258493, 0.0212829, 0.237205, 0, 147592
50, 48, 48, 0.31779, 0.0895651, 0.22822, 0, 147642
50, 2, 48, 0.248, 0.0214975, 0.226499, 0, 147592
50, 48, 48, 0.336714, 0.0894846, 0.247228, 0, 147642
50, 2, 48, 0.252693, 0.0194068, 0.233282, 0, 147592
50, 48, 48, 0.333111, 0.0901303, 0.24298, 0, 147642
50, 2, 48, 0.246291, 0.0227466, 0.22354, 0, 147592
50, 48, 48, 0.301527, 0.0897355, 0.21179, 0, 147642
50, 2, 48, 0.285878, 0.0197106, 0.26616, 0, 147592
50, 48, 48, 0.368602, 0.0865198, 0.28208, 0, 147642
50, 2, 48, 0.249873, 0.0189205, 0.230949, 0, 147592
50, 48, 48, 0.35362, 0.0751136, 0.278505, 0, 147642
50, 2, 48, 0.386548, 0.0244294, 0.362116, 0, 147592
50, 48, 48, 0.307142, 0.0757666, 0.23137, 0, 147642
50, 2, 56, 0.275717, 0.0402125, 0.235498, 0, 147640
50, 56, 56, 0.318775, 0.0907897, 0.227984, 0, 147642
50, 2, 56, 0.388763, 0.0420553, 0.346703, 0, 147640
50, 56, 56, 0.320776, 0.08993, 0.230845, 0, 147642
50, 2, 56, 0.274761, 0.0412849, 0.233472, 0, 147640
50, 56, 56, 0.326428, 0.0931258, 0.233302, 0, 147642
50, 2, 56, 0.274876, 0.0422416, 0.23263, 0, 147640
50, 56, 56, 0.322419, 0.0900577, 0.232361, 0, 147642
50, 2, 56, 0.273276, 0.0422407, 0.231032, 0, 147640
50, 56, 56, 0.319992, 0.0913362, 0.228655, 0, 147642
50, 2, 56, 0.275066, 0.0419505, 0.233112, 0, 147640
50, 56, 56, 0.331811, 0.0893346, 0.242475, 0, 147642
50, 2, 56, 0.263442, 0.0415995, 0.221838, 0, 147640
50, 56, 56, 0.322315, 0.090317, 0.231996, 0, 147642
50, 2, 56, 0.276341, 0.045277, 0.231056, 0, 147640
50, 56, 56, 0.43154, 0.0928104, 0.338728, 0, 147642
50, 2, 56, 0.273842, 0.0419642, 0.231873, 0, 147640
50, 56, 56, 0.321842, 0.0868737, 0.234967, 0, 147642
50, 2, 56, 0.285038, 0.0435051, 0.241521, 0, 147640
50, 56, 56, 0.313095, 0.0778831, 0.235208, 0, 147642
50, 2, 64, 0.247017, 0.0396553, 0.207358, 0, 147632
50, 64, 64, 0.334639, 0.118942, 0.215696, 0, 147642
50, 2, 64, 0.244698, 0.0383311, 0.206363, 0, 147632
50, 64, 64, 0.313272, 0.0958251, 0.217444, 0, 147642
50, 2, 64, 0.246343, 0.0391261, 0.207213, 0, 147632
50, 64, 64, 0.318593, 0.110163, 0.208429, 0, 147642
50, 2, 64, 0.34152, 0.0427271, 0.298789, 0, 147632
50, 64, 64, 0.332578, 0.116131, 0.216445, 0, 147642
50, 2, 64, 0.430041, 0.071255, 0.358783, 0, 147632
50, 64, 64, 0.435823, 0.112065, 0.323748, 0, 147642
50, 2, 64, 0.349178, 0.0486167, 0.300557, 0, 147632
50, 64, 64, 0.411099, 0.111677, 0.299419, 0, 147642
50, 2, 64, 0.26896, 0.0493919, 0.219563, 0, 147632
50, 64, 64, 0.387716, 0.0998223, 0.287888, 0, 147642
50, 2, 64, 0.367817, 0.0425407, 0.325271, 0, 147632
50, 64, 64, 0.352216, 0.111387, 0.240829, 0, 147642
50, 2, 64, 0.397098, 0.0425819, 0.354512, 0, 147632
50, 64, 64, 0.321716, 0.109725, 0.211991, 0, 147642
50, 2, 64, 0.26015, 0.0428918, 0.217255, 0, 147632
50, 64, 64, 0.411888, 0.095775, 0.316108, 0, 147642
50, 2, 72, 0.229868, 0.0399081, 0.189957, 0, 147631
50, 72, 72, 0.293842, 0.0898396, 0.204002, 0, 147642
50, 2, 72, 0.251809, 0.039727, 0.212079, 0, 147631
50, 72, 72, 0.286398, 0.0922906, 0.194106, 0, 147642
50, 2, 72, 0.228615, 0.0393928, 0.18922, 0, 147631
50, 72, 72, 0.455897, 0.110357, 0.345539, 0, 147642
50, 2, 72, 0.231769, 0.0407632, 0.191002, 0, 147631
50, 72, 72, 0.294482, 0.105921, 0.188556, 0, 147642
50, 2, 72, 0.377566, 0.0429992, 0.334564, 0, 147631
50, 72, 72, 0.302203, 0.109924, 0.192277, 0, 147642
50, 2, 72, 0.297926, 0.0625217, 0.2354, 0, 147631
50, 72, 72, 0.286468, 0.0915745, 0.194892, 0, 147642
50, 2, 72, 0.236793, 0.0524878, 0.184302, 0, 147631
50, 72, 72, 0.280946, 0.0876636, 0.193282, 0, 147642
50, 2, 72, 0.358396, 0.03968, 0.318712, 0, 147631
50, 72, 72, 0.316653, 0.101426, 0.215226, 0, 147642
50, 2, 72, 0.229722, 0.0390387, 0.19068, 0, 147631
50, 72, 72, 0.317311, 0.105997, 0.211313, 0, 147642
50, 2, 72, 0.234787, 0.0391662, 0.195618, 0, 147631
50, 72, 72, 0.314152, 0.112553, 0.201598, 0, 147642
50, 2, 80, 0.296547, 0.0387561, 0.257789, 0, 147597
50, 80, 80, 0.275659, 0.0985215, 0.177136, 0, 147632
50, 2, 80, 0.213454, 0.0358438, 0.177607, 0, 147597
50, 80, 80, 0.303375, 0.10091, 0.202463, 0, 147632
50, 2, 80, 0.190464, 0.0566912, 0.133769, 0, 147597
50, 80, 80, 0.302065, 0.111397, 0.190666, 0, 147632
50, 2, 80, 0.193099, 0.0550402, 0.138055, 0, 147597
50, 80, 80, 0.30717, 0.122888, 0.18428, 0, 147632
50, 2, 80, 0.227331, 0.0535121, 0.173816, 0, 147597
50, 80, 80, 0.30135, 0.102919, 0.19843, 0, 147632
50, 2, 80, 0.228152, 0.0500208, 0.178125, 0, 147597
50, 80, 80, 0.29554, 0.108317, 0.187221, 0, 147632
50, 2, 80, 0.219434, 0.047048, 0.172381, 0, 147597
50, 80, 80, 0.299728, 0.118069, 0.181659, 0, 147632
50, 2, 80, 0.220337, 0.0418535, 0.178481, 0, 147597
50, 80, 80, 0.280932, 0.1035, 0.177431, 0, 147632
50, 2, 80, 0.216473, 0.0401482, 0.17632, 0, 147597
50, 80, 80, 0.278826, 0.0948891, 0.183935, 0, 147632
50, 2, 80, 0.21603, 0.0389571, 0.17707, 0, 147597
50, 80, 80, 0.285826, 0.105839, 0.179986, 0, 147632
50, 2, 88, 0.197374, 0.0407421, 0.156629, 0, 147632
50, 88, 88, 0.28303, 0.108904, 0.174126, 0, 147642
50, 2, 88, 0.201214, 0.0395637, 0.161648, 0, 147632
50, 88, 88, 0.259388, 0.10201, 0.157378, 0, 147642
50, 2, 88, 0.202375, 0.0375024, 0.164869, 0, 147632
50, 88, 88, 0.253268, 0.110146, 0.143122, 0, 147642
50, 2, 88, 0.184072, 0.0378585, 0.146211, 0, 147632
50, 88, 88, 0.273146, 0.106198, 0.166947, 0, 147642
50, 2, 88, 0.195126, 0.0361665, 0.158957, 0, 147632
50, 88, 88, 0.321666, 0.127526, 0.194138, 0, 147642
50, 2, 88, 0.201914, 0.0349314, 0.166979, 0, 147632
50, 88, 88, 0.2798, 0.106856, 0.172943, 0, 147642
50, 2, 88, 0.23611, 0.0412938, 0.194813, 0, 147632
50, 88, 88, 0.296801, 0.126535, 0.170266, 0, 147642
50, 2, 88, 0.210554, 0.0370051, 0.173545, 0, 147632
50, 88, 88, 0.278193, 0.107479, 0.170712, 0, 147642
50, 2, 88, 0.197426, 0.0334678, 0.163955, 0, 147632
50, 88, 88, 0.297251, 0.108393, 0.18885, 0, 147642
50, 2, 88, 0.196108, 0.0341409, 0.161965, 0, 147632
50, 88, 88, 0.29457, 0.108622, 0.185947, 0, 147642
50, 2, 96, 0.187005, 0.036557, 0.150445, 0, 147637
50, 96, 96, 0.304993, 0.149672, 0.155314, 0, 147642
50, 2, 96, 0.189399, 0.0325171, 0.156879, 0, 147637
50, 96, 96, 0.272254, 0.117494, 0.154759, 0, 147642
50, 2, 96, 0.144103, 0.0322259, 0.111873, 0, 147637
50, 96, 96, 0.250945, 0.118895, 0.132048, 0, 147642
50, 2, 96, 0.150394, 0.0317506, 0.11864, 0, 147637
50, 96, 96, 0.23911, 0.115971, 0.123137, 0, 147642
50, 2, 96, 0.180707, 0.0328125, 0.14789, 0, 147637
50, 96, 96, 0.290597, 0.127999, 0.162596, 0, 147642
50, 2, 96, 0.189124, 0.0342544, 0.154867, 0, 147637
50, 96, 96, 0.278313, 0.120277, 0.158035, 0, 147642
50, 2, 96, 0.181837, 0.0324642, 0.149368, 0, 147637
50, 96, 96, 0.278632, 0.116924, 0.161708, 0, 147642
50, 2, 96, 0.184036, 0.0327639, 0.151268, 0, 147637
50, 96, 96, 0.303053, 0.141044, 0.162008, 0, 147642
50, 2, 96, 0.202895, 0.038636, 0.164257, 0, 147637
50, 96, 96, 0.285006, 0.119334, 0.165672, 0, 147642
50, 2, 96, 0.189474, 0.0330355, 0.156434, 0, 147637
50, 96, 96, 0.292928, 0.124945, 0.167982, 0, 147642
50, 2, 104, 0.178632, 0.0382653, 0.140363, 0, 147640
50, 104, 104, 0.295373, 0.124991, 0.170381, 0, 147632
50, 2, 104, 0.175537, 0.0383938, 0.137134, 0, 147640
50, 104, 104, 0.29362, 0.119136, 0.174483, 0, 147632
50, 2, 104, 0.203715, 0.0386132, 0.165099, 0, 147640
50, 104, 104, 0.282243, 0.121954, 0.160288, 0, 147632
50, 2, 104, 0.236893, 0.0396583, 0.197233, 0, 147640
50, 104, 104, 0.339403, 0.130971, 0.20843, 0, 147632
50, 2, 104, 0.180891, 0.0384607, 0.142427, 0, 147640
50, 104, 104, 0.275644, 0.12535, 0.150294, 0, 147632
50, 2, 104, 0.172084, 0.0388208, 0.13326, 0, 147640
50, 104, 104, 0.342285, 0.129695, 0.212588, 0, 147632
50, 2, 104, 0.174813, 0.0382315, 0.136577, 0, 147640
50, 104, 104, 0.315336, 0.127836, 0.187499, 0, 147632
50, 2, 104, 0.313207, 0.0498828, 0.263322, 0, 147640
50, 104, 104, 0.369693, 0.131388, 0.238304, 0, 147632
50, 2, 104, 0.188971, 0.0468926, 0.142075, 0, 147640
50, 104, 104, 0.280943, 0.12949, 0.151452, 0, 147632
50, 2, 104, 0.220274, 0.0448684, 0.175401, 0, 147640
50, 104, 104, 0.357067, 0.12932, 0.227741, 0, 147632
50, 2, 112, 0.213338, 0.0441186, 0.169216, 0, 147631
50, 112, 112, 0.350904, 0.133494, 0.21741, 0, 147642
50, 2, 112, 0.187107, 0.0413657, 0.145738, 0, 147631
50, 112, 112, 0.290447, 0.134943, 0.155502, 0, 147642
50, 2, 112, 0.174715, 0.0432941, 0.131417, 0, 147631
50, 112, 112, 0.285035, 0.134417, 0.150616, 0, 147642
50, 2, 112, 0.17736, 0.0416876, 0.13567, 0, 147631
50, 112, 112, 0.287913, 0.135294, 0.152618, 0, 147642
50, 2, 112, 0.206786, 0.0415223, 0.165257, 0, 147631
50, 112, 112, 0.350567, 0.137373, 0.213193, 0, 147642
50, 2, 112, 0.259777, 0.048373, 0.211402, 0, 147631
50, 112, 112, 0.29614, 0.136536, 0.159602, 0, 147642
50, 2, 112, 0.177631, 0.0396186, 0.138007, 0, 147631
50, 112, 112, 0.361564, 0.135985, 0.225572, 0, 147642
50, 2, 112, 0.207616, 0.0456498, 0.161963, 0, 147631
50, 112, 112, 0.290466, 0.146413, 0.144051, 0, 147642
50, 2, 112, 0.186915, 0.0419761, 0.144935, 0, 147631
50, 112, 112, 0.359042, 0.137191, 0.22185, 0, 147642
50, 2, 112, 0.260716, 0.0402095, 0.220502, 0, 147631
50, 112, 112, 0.284085, 0.135385, 0.148699, 0, 147642
50, 2, 120, 0.180026, 0.0484668, 0.131554, 0, 147635
50, 120, 120, 0.365955, 0.151364, 0.214587, 0, 147642
50, 2, 120, 0.233596, 0.0383077, 0.195284, 0, 147635
50, 120, 120, 0.281886, 0.139574, 0.142312, 0, 147642
50, 2, 120, 0.16692, 0.0384258, 0.128488, 0, 147635
50, 120, 120, 0.301199, 0.141355, 0.159844, 0, 147642
50, 2, 120, 0.171471, 0.0389913, 0.132474, 0, 147635
50, 120, 120, 0.299062, 0.146415, 0.152646, 0, 147642
50, 2, 120, 0.181785, 0.0388895, 0.142891, 0, 147635
50, 120, 120, 0.294441, 0.147142, 0.147299, 0, 147642
50, 2, 120, 0.180908, 0.0443073, 0.136596, 0, 147635
50, 120, 120, 0.349161, 0.139421, 0.209738, 0, 147642
50, 2, 120, 0.210434, 0.0423217, 0.168108, 0, 147635
50, 120, 120, 0.29757, 0.155788, 0.141781, 0, 147642
50, 2, 120, 0.225314, 0.0375256, 0.187783, 0, 147635
50, 120, 120, 0.284896, 0.13735, 0.147545, 0, 147642
50, 2, 120, 0.178621, 0.0465318, 0.132084, 0, 147635
50, 120, 120, 0.287009, 0.14687, 0.140138, 0, 147642
50, 2, 120, 0.169454, 0.040892, 0.128557, 0, 147635
50, 120, 120, 0.282805, 0.138634, 0.14417, 0, 147642
50, 2, 128, 0.225607, 0.0390426, 0.186561, 0, 147631
50, 128, 128, 0.346219, 0.171627, 0.174591, 0, 147632
50, 2, 128, 0.223648, 0.0372607, 0.186379, 0, 147631
50, 128, 128, 0.293518, 0.160659, 0.132857, 0, 147632
50, 2, 128, 0.179715, 0.0374251, 0.142285, 0, 147631
50, 128, 128, 0.345085, 0.167824, 0.17726, 0, 147632
50, 2, 128, 0.165871, 0.0392829, 0.126587, 0, 147631
50, 128, 128, 0.339264, 0.166237, 0.173019, 0, 147632
50, 2, 128, 0.206155, 0.048556, 0.157595, 0, 147631
50, 128, 128, 0.36183, 0.186023, 0.175805, 0, 147632
50, 2, 128, 0.20604, 0.0445812, 0.161455, 0, 147631
50, 128, 128, 0.346314, 0.171048, 0.175265, 0, 147632
50, 2, 128, 0.17756, 0.0393125, 0.138245, 0, 147631
50, 128, 128, 0.319377, 0.16659, 0.152782, 0, 147632
50, 2, 128, 0.209969, 0.0477333, 0.162233, 0, 147631
50, 128, 128, 0.334479, 0.165157, 0.169059, 0, 147632
50, 2, 128, 0.257267, 0.0388765, 0.218388, 0, 147631
50, 128, 128, 0.358213, 0.173036, 0.185177, 0, 147632
50, 2, 128, 0.230355, 0.0439408, 0.186411, 0, 147631
50, 128, 128, 0.358211, 0.170359, 0.18785, 0, 147632
50, 2, 96, 0.206179, 0.0611768, 0.144997, 0, 147637
50, 2, 96, 0.1881, 0.0428967, 0.145199, 0, 147637
50, 96, 96, 0.216359, 0.104382, 0.111974, 0, 147642
50, 96, 96, 0.21939, 0.101363, 0.118026, 0, 147642
50, 2, 96, 0.154847, 0.0502573, 0.104587, 0, 147637
50, 2, 96, 0.155147, 0.0512752, 0.103868, 0, 147637
50, 96, 96, 0.236086, 0.122182, 0.113902, 0, 147642
50, 96, 96, 0.235902, 0.12054, 0.11536, 0, 147642
50, 2, 96, 0.15254, 0.0489169, 0.103619, 0, 147637
50, 2, 96, 0.163807, 0.0530877, 0.110716, 0, 147637
50, 96, 96, 0.229881, 0.121014, 0.108865, 0, 147642
50, 2, 96, 0.204281, 0.049263, 0.155013, 0, 147637
50, 96, 96, 0.249641, 0.129519, 0.12012, 0, 147642
50, 2, 96, 0.14833, 0.047431, 0.100895, 0, 147637
50, 96, 96, 0.231453, 0.119859, 0.111593, 0, 147642
50, 2, 96, 0.151419, 0.0494957, 0.101918, 0, 147637
50, 96, 96, 0.231467, 0.119271, 0.112195, 0, 147642
50, 2, 96, 0.150501, 0.0495355, 0.100962, 0, 147637
50, 96, 96, 0.233904, 0.124898, 0.109005, 0, 147642
50, 96, 96, 0.233291, 0.11896, 0.114331, 0, 147642
50, 2, 104, 0.113632, 0.0182233, 0.0954054, 0, 147640
50, 2, 104, 0.183441, 0.0471293, 0.136307, 0, 147640
50, 104, 104, 0.23892, 0.12742, 0.111499, 0, 147632
50, 104, 104, 0.238953, 0.132042, 0.10691, 0, 147632
50, 2, 104, 0.129611, 0.0306444, 0.0989604, 0, 147640
50, 2, 104, 0.11931, 0.028462, 0.0908444, 0, 147640
50, 104, 104, 0.246788, 0.125707, 0.12108, 0, 147632
50, 104, 104, 0.243355, 0.134638, 0.108715, 0, 147632
50, 2, 104, 0.146149, 0.0479575, 0.0981835, 0, 147640
50, 2, 104, 0.145832, 0.0460907, 0.0997374, 0, 147640
50, 104, 104, 0.242579, 0.129441, 0.113137, 0, 147632
50, 104, 104, 0.217642, 0.107735, 0.109906, 0, 147632
50, 2, 104, 0.149065, 0.0494557, 0.0996049, 0, 147640
50, 2, 104, 0.145855, 0.0470924, 0.0987583, 0, 147640
50, 104, 104, 0.2432, 0.128086, 0.115112, 0, 147632
50, 104, 104, 0.214778, 0.106968, 0.107808, 0, 147632
50, 2, 104, 0.143587, 0.046291, 0.0972914, 0, 147640
50, 2, 104, 0.149243, 0.0479014, 0.101337, 0, 147640
50, 104, 104, 0.219007, 0.106553, 0.112453, 0, 147632
50, 104, 104, 0.236369, 0.129222, 0.107147, 0, 147632
50, 2, 112, 0.148136, 0.0306961, 0.117436, 0, 147631
50, 2, 112, 0.171898, 0.0419409, 0.129952, 0, 147631
50, 112, 112, 0.249501, 0.138104, 0.111396, 0, 147642
50, 112, 112, 0.246214, 0.137846, 0.108367, 0, 147642
50, 2, 112, 0.138697, 0.0449178, 0.0937736, 0, 147631
50, 2, 112, 0.137406, 0.0453515, 0.0920499, 0, 147631
50, 112, 112, 0.246458, 0.135505, 0.110951, 0, 147642
50, 112, 112, 0.222387, 0.115273, 0.107113, 0, 147642
50, 2, 112, 0.12268, 0.024882, 0.0977921, 0, 147631
50, 2, 112, 0.128701, 0.0372907, 0.0914078, 0, 147631
50, 112, 112, 0.251959, 0.138134, 0.113824, 0, 147642
50, 112, 112, 0.220837, 0.117612, 0.103224, 0, 147642
50, 2, 112, 0.12083, 0.0245883, 0.0962375, 0, 147631
50, 2, 112, 0.142555, 0.0366003, 0.10595, 0, 147631
50, 112, 112, 0.225661, 0.112791, 0.112869, 0, 147642
50, 112, 112, 0.247211, 0.143775, 0.103436, 0, 147642
50, 2, 112, 0.160754, 0.0490857, 0.111665, 0, 147631
50, 2, 112, 0.161406, 0.0501545, 0.111246, 0, 147631
50, 112, 112, 0.240953, 0.135048, 0.105903, 0, 147642
50, 112, 112, 0.242311, 0.137507, 0.104803, 0, 147642
50, 2, 120, 0.105724, 0.0229985, 0.0827195, 0, 147635
50, 2, 120, 0.164612, 0.0431541, 0.121454, 0, 147635
50, 120, 120, 0.241788, 0.132924, 0.108863, 0, 147642
50, 120, 120, 0.252143, 0.149811, 0.102331, 0, 147642
50, 2, 120, 0.126464, 0.0401541, 0.0863043, 0, 147635
50, 2, 120, 0.126591, 0.0396771, 0.0869097, 0, 147635
50, 120, 120, 0.223118, 0.12168, 0.101437, 0, 147642
50, 120, 120, 0.250102, 0.147153, 0.102948, 0, 147642
50, 2, 120, 0.130587, 0.0437127, 0.0868707, 0, 147635
50, 2, 120, 0.130354, 0.0412121, 0.089137, 0, 147635
50, 120, 120, 0.247983, 0.14195, 0.106031, 0, 147642
50, 120, 120, 0.257452, 0.147857, 0.109593, 0, 147642
50, 2, 120, 0.131013, 0.0408472, 0.0901592, 0, 147635
50, 2, 120, 0.127042, 0.0416994, 0.0853385, 0, 147635
50, 120, 120, 0.266667, 0.140644, 0.126022, 0, 147642
50, 120, 120, 0.262665, 0.139026, 0.123638, 0, 147642
50, 2, 120, 0.12776, 0.0378258, 0.0899314, 0, 147635
50, 2, 120, 0.124883, 0.0389249, 0.0859536, 0, 147635
50, 120, 120, 0.232748, 0.125657, 0.107089, 0, 147642
50, 120, 120, 0.234013, 0.127528, 0.106485, 0, 147642
50, 2, 128, 0.135206, 0.0400929, 0.0951083, 0, 147631
50, 2, 128, 0.141428, 0.0314799, 0.109944, 0, 147631
50, 128, 128, 0.26652, 0.167939, 0.0985804, 0, 147632
50, 128, 128, 0.260196, 0.1639, 0.0962939, 0, 147632
50, 2, 128, 0.11752, 0.0367832, 0.0807336, 0, 147631
50, 2, 128, 0.117135, 0.0383401, 0.0787895, 0, 147631
50, 128, 128, 0.233715, 0.134857, 0.0988568, 0, 147632
50, 128, 128, 0.260144, 0.162365, 0.0977771, 0, 147632
50, 2, 128, 0.120879, 0.0404915, 0.0803831, 0, 147631
50, 2, 128, 0.120784, 0.0413074, 0.0794711, 0, 147631
50, 128, 128, 0.235623, 0.134173, 0.101449, 0, 147632
50, 128, 128, 0.257411, 0.16055, 0.0968598, 0, 147632
50, 2, 128, 0.116346, 0.0347385, 0.0816047, 0, 147631
50, 2, 128, 0.115395, 0.0381898, 0.077201, 0, 147631
50, 128, 128, 0.234124, 0.135777, 0.0983456, 0, 147632
50, 128, 128, 0.243593, 0.142251, 0.10134, 0, 147632
50, 2, 128, 0.110789, 0.0289118, 0.0818729, 0, 147631
50, 2, 128, 0.111366, 0.0312021, 0.0801615, 0, 147631
50, 128, 128, 0.233288, 0.135089, 0.0981982, 0, 147632
50, 128, 128, 0.267375, 0.165471, 0.101903, 0, 147632
50, 2, 24, 0.390054, 0.0159379, 0.374113, 0, 147631
50, 24, 24, 0.40464, 0.0436935, 0.360944, 0, 147632
50, 2, 24, 0.394653, 0.0185762, 0.376074, 0, 147631
50, 24, 24, 0.424148, 0.0474251, 0.376722, 0, 147632
50, 2, 24, 0.399761, 0.0230279, 0.376731, 0, 147631
50, 24, 24, 0.397127, 0.0418976, 0.355229, 0, 147632
50, 2, 24, 0.405866, 0.0247779, 0.381087, 0, 147631
50, 24, 24, 0.349706, 0.0479079, 0.301797, 0, 147632
50, 2, 24, 0.353067, 0.0213617, 0.331702, 0, 147631
50, 24, 24, 0.353474, 0.0555135, 0.29796, 0, 147632
50, 24, 24, 0.448587, 0.0398329, 0.408753, 0, 147632
50, 2, 24, 0.411733, 0.018724, 0.393006, 0, 147631
50, 24, 24, 0.416433, 0.0465982, 0.369834, 0, 147632
50, 2, 24, 0.401163, 0.0227037, 0.378457, 0, 147631
50, 2, 24, 0.336117, 0.0208647, 0.315251, 0, 147631
50, 24, 24, 0.353922, 0.0522649, 0.301656, 0, 147632
50, 2, 24, 0.407928, 0.0208077, 0.387116, 0, 147631
50, 24, 24, 0.420384, 0.0474242, 0.372959, 0, 147632
50, 2, 24, 0.394734, 0.022792, 0.37194, 0, 147631
50, 24, 24, 0.410509, 0.0377932, 0.372715, 0, 147632
50, 2, 32, 0.282266, 0.0197669, 0.262497, 0, 147621
50, 24, 24, 0.420034, 0.0461839, 0.373849, 0, 147632
50, 2, 32, 0.294778, 0.0179054, 0.276871, 0, 147621
50, 32, 32, 0.286269, 0.0548849, 0.231383, 0, 147642
50, 2, 32, 0.245226, 0.016269, 0.228955, 0, 147621
50, 32, 32, 0.2905, 0.0601809, 0.230319, 0, 147642
50, 2, 32, 0.246943, 0.0163794, 0.230562, 0, 147621
50, 32, 32, 0.291361, 0.0575854, 0.233775, 0, 147642
50, 32, 32, 0.334681, 0.0533267, 0.281353, 0, 147642
50, 2, 32, 0.296618, 0.0179777, 0.278637, 0, 147621
50, 32, 32, 0.333274, 0.0569087, 0.276364, 0, 147642
50, 2, 32, 0.286683, 0.0173228, 0.269357, 0, 147621
50, 32, 32, 0.341404, 0.06036, 0.281043, 0, 147642
50, 2, 32, 0.299616, 0.0207987, 0.278814, 0, 147621
50, 32, 32, 0.343268, 0.0593224, 0.283945, 0, 147642
50, 32, 32, 0.288916, 0.0573624, 0.231553, 0, 147642
50, 2, 32, 0.272364, 0.0153604, 0.257001, 0, 147621
50, 32, 32, 0.29041, 0.0601066, 0.230302, 0, 147642
50, 2, 32, 0.2994, 0.0166355, 0.282763, 0, 147621
50, 32, 32, 0.32916, 0.047728, 0.281431, 0, 147642
50, 2, 32, 0.293778, 0.0181141, 0.275662, 0, 147621
50, 32, 32, 0.320785, 0.0472301, 0.273553, 0, 147642
50, 2, 32, 0.30945, 0.0193653, 0.290082, 0, 147621
50, 2, 40, 0.211998, 0.0175606, 0.194435, 0, 147607
50, 40, 40, 0.252141, 0.055772, 0.196368, 0, 147642
50, 2, 40, 0.254445, 0.0208153, 0.233626, 0, 147607
50, 40, 40, 0.289846, 0.0576681, 0.232176, 0, 147642
50, 2, 40, 0.252469, 0.0157235, 0.236741, 0, 147607
50, 40, 40, 0.250574, 0.0574579, 0.193115, 0, 147642
50, 2, 40, 0.209339, 0.0167179, 0.192618, 0, 147607
50, 40, 40, 0.258079, 0.0636388, 0.194439, 0, 147642
50, 40, 40, 0.286877, 0.0529088, 0.233967, 0, 147642
50, 2, 40, 0.24899, 0.0169525, 0.232034, 0, 147607
50, 40, 40, 0.278675, 0.0518583, 0.226815, 0, 147642
50, 2, 40, 0.24754, 0.0167518, 0.230784, 0, 147607
50, 40, 40, 0.293245, 0.0536863, 0.239557, 0, 147642
50, 2, 40, 0.255928, 0.0187114, 0.237213, 0, 147607
50, 40, 40, 0.281768, 0.0514123, 0.230354, 0, 147642
50, 2, 40, 0.252564, 0.0167908, 0.23577, 0, 147607
50, 40, 40, 0.292363, 0.0650548, 0.227308, 0, 147642
50, 2, 40, 0.249891, 0.0167632, 0.233124, 0, 147607
50, 40, 40, 0.282556, 0.0516279, 0.230927, 0, 147642
50, 2, 40, 0.257529, 0.0169518, 0.240574, 0, 147607
50, 40, 40, 0.291699, 0.0596316, 0.232066, 0, 147642
50, 2, 40, 0.247681, 0.0166008, 0.231076, 0, 147607
50, 2, 48, 0.20637, 0.0153638, 0.191004, 0, 147592
50, 48, 48, 0.23047, 0.0676999, 0.162769, 0, 147642
50, 2, 48, 0.189414, 0.0174999, 0.171912, 0, 147592
50, 48, 48, 0.309803, 0.0615373, 0.248264, 0, 147642
50, 2, 48, 0.272055, 0.0168584, 0.255193, 0, 147592
50, 48, 48, 0.290225, 0.0617037, 0.228521, 0, 147642
50, 2, 48, 0.27273, 0.0191896, 0.253535, 0, 147592
50, 48, 48, 0.303725, 0.0617634, 0.241961, 0, 147642
50, 2, 48, 0.182348, 0.0161036, 0.166242, 0, 147592
50, 48, 48, 0.227999, 0.0595745, 0.168424, 0, 147642
50, 2, 48, 0.240909, 0.0156956, 0.225211, 0, 147592
50, 48, 48, 0.235946, 0.0678167, 0.168128, 0, 147642
50, 2, 48, 0.186495, 0.0161335, 0.17036, 0, 147592
50, 48, 48, 0.242926, 0.0688229, 0.174102, 0, 147642
50, 2, 48, 0.189609, 0.0171122, 0.172494, 0, 147592
50, 48, 48, 0.232906, 0.064532, 0.168373, 0, 147642
50, 2, 48, 0.182637, 0.0160132, 0.166621, 0, 147592
50, 48, 48, 0.298007, 0.0827323, 0.215274, 0, 147642
50, 48, 48, 0.26296, 0.0635483, 0.19941, 0, 147642
50, 2, 56, 0.187964, 0.0229793, 0.164981, 0, 147640
50, 56, 56, 0.233871, 0.0842405, 0.14963, 0, 147642
50, 2, 56, 0.167841, 0.0168227, 0.151016, 0, 147640
50, 56, 56, 0.231124, 0.0755472, 0.155576, 0, 147642
50, 2, 56, 0.166761, 0.0158392, 0.15092, 0, 147640
50, 56, 56, 0.240235, 0.0744019, 0.165832, 0, 147642
50, 2, 56, 0.1671, 0.0188638, 0.148235, 0, 147640
50, 56, 56, 0.256075, 0.0715505, 0.184524, 0, 147642
50, 2, 56, 0.178409, 0.0153256, 0.163079, 0, 147640
50, 56, 56, 0.254459, 0.0793024, 0.175156, 0, 147642
50, 2, 56, 0.191309, 0.016759, 0.174545, 0, 147640
50, 56, 56, 0.253785, 0.0771345, 0.176649, 0, 147642
50, 2, 56, 0.19181, 0.0150004, 0.176806, 0, 147640
50, 56, 56, 0.228668, 0.0693421, 0.159325, 0, 147642
50, 2, 56, 0.214152, 0.0149666, 0.199181, 0, 147640
50, 56, 56, 0.245774, 0.0784467, 0.167325, 0, 147642
50, 2, 56, 0.178074, 0.0161255, 0.161946, 0, 147640
50, 56, 56, 0.244598, 0.0707271, 0.173869, 0, 147642
50, 2, 56, 0.192162, 0.0162292, 0.175931, 0, 147640
50, 56, 56, 0.240923, 0.0655904, 0.175331, 0, 147642
50, 2, 64, 0.158661, 0.0217145, 0.136944, 0, 147632
50, 64, 64, 0.232837, 0.0911863, 0.14165, 0, 147642
50, 2, 64, 0.146758, 0.017618, 0.129138, 0, 147632
50, 56, 56, 0.265428, 0.0807943, 0.184632, 0, 147642
50, 2, 64, 0.166101, 0.0172269, 0.14887, 0, 147632
50, 64, 64, 0.248298, 0.0993593, 0.148937, 0, 147642
50, 2, 64, 0.169184, 0.0180807, 0.1511, 0, 147632
50, 64, 64, 0.251081, 0.101626, 0.149453, 0, 147642
50, 2, 64, 0.164729, 0.0179304, 0.146796, 0, 147632
50, 64, 64, 0.244251, 0.100627, 0.143623, 0, 147642
50, 2, 64, 0.146212, 0.0165432, 0.129667, 0, 147632
50, 2, 64, 0.172282, 0.0193092, 0.152968, 0, 147632
50, 64, 64, 0.230275, 0.0903573, 0.139917, 0, 147642
50, 2, 64, 0.154575, 0.0178781, 0.136693, 0, 147632
50, 64, 64, 0.230603, 0.0905141, 0.140088, 0, 147642
50, 2, 64, 0.151299, 0.018081, 0.133215, 0, 147632
50, 64, 64, 0.265948, 0.0764738, 0.189472, 0, 147642
50, 2, 64, 0.192391, 0.0202171, 0.172171, 0, 147632
50, 2, 64, 0.199673, 0.0179465, 0.181723, 0, 147632
50, 64, 64, 0.241919, 0.0927038, 0.149214, 0, 147642
50, 2, 64, 0.176878, 0.0175351, 0.159339, 0, 147632
50, 64, 64, 0.240064, 0.0942831, 0.14578, 0, 147642
50, 2, 64, 0.194576, 0.0200305, 0.174542, 0, 147632
50, 64, 64, 0.265209, 0.0842197, 0.180988, 0, 147642
50, 2, 64, 0.192335, 0.0191618, 0.17317, 0, 147632
50, 64, 64, 0.269358, 0.0969383, 0.172418, 0, 147642
50, 2, 72, 0.143045, 0.0184662, 0.124576, 0, 147631
50, 72, 72, 0.228267, 0.0963134, 0.131952, 0, 147642
50, 2, 72, 0.146093, 0.0183848, 0.127705, 0, 147631
50, 72, 72, 0.248311, 0.105954, 0.142357, 0, 147642
50, 72, 72, 0.253998, 0.0831064, 0.17089, 0, 147642
50, 72, 72, 0.220178, 0.0933002, 0.126877, 0, 147642
50, 72, 72, 0.242973, 0.0890942, 0.153877, 0, 147642
50, 2, 72, 0.158331, 0.0173689, 0.140958, 0, 147631
50, 72, 72, 0.238142, 0.094369, 0.143771, 0, 147642
50, 2, 72, 0.16687, 0.0190149, 0.147851, 0, 147631
50, 72, 72, 0.257755, 0.106691, 0.151062, 0, 147642
50, 2, 72, 0.158385, 0.0180379, 0.140344, 0, 147631
50, 72, 72, 0.239164, 0.0951505, 0.144011, 0, 147642
50, 2, 72, 0.156525, 0.0204783, 0.136042, 0, 147631
50, 72, 72, 0.23487, 0.0990968, 0.135771, 0, 147642
50, 2, 72, 0.161862, 0.0192718, 0.142586, 0, 147631
50, 2, 80, 0.137026, 0.0199295, 0.117093, 0, 147597
50, 2, 72, 0.161286, 0.0189366, 0.142346, 0, 147631
50, 72, 72, 0.242384, 0.0980732, 0.144309, 0, 147642
50, 2, 80, 0.129474, 0.0197036, 0.109768, 0, 147597
50, 80, 80, 0.218186, 0.0914201, 0.126765, 0, 147632
50, 2, 80, 0.138372, 0.0186885, 0.119679, 0, 147597
50, 80, 80, 0.232873, 0.0899824, 0.14289, 0, 147632
50, 80, 80, 0.236163, 0.106596, 0.129566, 0, 147632
50, 2, 80, 0.129304, 0.0178553, 0.111445, 0, 147597
50, 80, 80, 0.20775, 0.0903589, 0.11739, 0, 147632
50, 2, 80, 0.142654, 0.0196813, 0.122968, 0, 147597
50, 80, 80, 0.261534, 0.0921025, 0.169431, 0, 147632
50, 2, 80, 0.185102, 0.0201376, 0.16496, 0, 147597
50, 2, 80, 0.133943, 0.0190958, 0.114844, 0, 147597
50, 80, 80, 0.246517, 0.109591, 0.136925, 0, 147632
50, 2, 80, 0.129696, 0.0196802, 0.110013, 0, 147597
50, 80, 80, 0.264215, 0.104222, 0.159991, 0, 147632
50, 2, 80, 0.155865, 0.0175829, 0.138279, 0, 147597
50, 80, 80, 0.223728, 0.0890487, 0.134678, 0, 147632
50, 2, 80, 0.15111, 0.0174034, 0.133701, 0, 147597
50, 80, 80, 0.24753, 0.104533, 0.142996, 0, 147632
50, 2, 80, 0.156807, 0.0178963, 0.138905, 0, 147597
50, 80, 80, 0.214447, 0.0910497, 0.123395, 0, 147632
50, 2, 80, 0.132366, 0.0176365, 0.114727, 0, 147597
50, 80, 80, 0.26027, 0.108879, 0.151389, 0, 147632
50, 2, 80, 0.144914, 0.0192342, 0.125678, 0, 147597
50, 80, 80, 0.276571, 0.109896, 0.166673, 0, 147632
50, 2, 88, 0.161963, 0.0199647, 0.141994, 0, 147632
50, 2, 88, 0.128347, 0.01802, 0.110323, 0, 147632
50, 88, 88, 0.221166, 0.100623, 0.120541, 0, 147642
50, 88, 88, 0.234898, 0.111558, 0.123338, 0, 147642
50, 2, 88, 0.161967, 0.0193207, 0.142641, 0, 147632
50, 2, 88, 0.130823, 0.0195895, 0.111231, 0, 147632
50, 88, 88, 0.241707, 0.119571, 0.122135, 0, 147642
50, 2, 88, 0.147248, 0.020223, 0.127023, 0, 147632
50, 2, 88, 0.126833, 0.0187191, 0.108112, 0, 147632
50, 88, 88, 0.235696, 0.11663, 0.119065, 0, 147642
50, 2, 88, 0.130946, 0.019958, 0.110984, 0, 147632
50, 88, 88, 0.245315, 0.117465, 0.127849, 0, 147642
50, 2, 88, 0.126264, 0.01782, 0.108441, 0, 147632
50, 88, 88, 0.266508, 0.111458, 0.155048, 0, 147642
50, 2, 88, 0.163196, 0.0176681, 0.145526, 0, 147632
50, 88, 88, 0.250988, 0.0973515, 0.153635, 0, 147642
50, 2, 88, 0.164497, 0.0178843, 0.146609, 0, 147632
50, 88, 88, 0.268438, 0.112819, 0.155617, 0, 147642
50, 2, 88, 0.154272, 0.0198097, 0.134458, 0, 147632
50, 88, 88, 0.265157, 0.113329, 0.151827, 0, 147642
50, 96, 96, 0.259673, 0.130889, 0.128783, 0, 147642
50, 88, 88, 0.281499, 0.121771, 0.159727, 0, 147642
50, 96, 96, 0.229445, 0.121484, 0.10796, 0, 147642
50, 88, 88, 0.247354, 0.0939103, 0.153442, 0, 147642
50, 2, 96, 0.160143, 0.0202466, 0.139892, 0, 147637
50, 96, 96, 0.255305, 0.112075, 0.143229, 0, 147642
50, 96, 96, 0.243015, 0.130271, 0.112743, 0, 147642
50, 2, 96, 0.157945, 0.0189036, 0.139038, 0, 147637
50, 2, 96, 0.120603, 0.0180071, 0.102593, 0, 147637
50, 96, 96, 0.236549, 0.11997, 0.116577, 0, 147642
50, 2, 96, 0.157294, 0.0199619, 0.137328, 0, 147637
50, 2, 96, 0.12076, 0.0198464, 0.100911, 0, 147637
50, 96, 96, 0.23787, 0.124519, 0.11335, 0, 147642
50, 2, 96, 0.121941, 0.0195823, 0.102355, 0, 147637
50, 96, 96, 0.240105, 0.123684, 0.11642, 0, 147642
50, 2, 96, 0.121431, 0.0192845, 0.102144, 0, 147637
50, 96, 96, 0.252455, 0.130692, 0.121762, 0, 147642
50, 2, 96, 0.117139, 0.0177954, 0.0993407, 0, 147637
50, 96, 96, 0.269491, 0.104912, 0.164578, 0, 147642
50, 2, 96, 0.118029, 0.0183826, 0.0996417, 0, 147637
50, 96, 96, 0.243097, 0.122297, 0.120798, 0, 147642
50, 2, 104, 0.126547, 0.0200251, 0.10652, 0, 147640
50, 96, 96, 0.258499, 0.12953, 0.128968, 0, 147642
50, 2, 96, 0.126131, 0.0180045, 0.108123, 0, 147637
50, 96, 96, 0.252506, 0.122635, 0.129869, 0, 147642
50, 2, 104, 0.113191, 0.0194783, 0.0937102, 0, 147640
50, 96, 96, 0.254828, 0.127696, 0.127131, 0, 147642
50, 2, 104, 0.121461, 0.0190824, 0.102374, 0, 147640
50, 104, 104, 0.239598, 0.130228, 0.10937, 0, 147632
50, 2, 104, 0.122404, 0.0180812, 0.104317, 0, 147640
50, 104, 104, 0.247035, 0.129531, 0.117502, 0, 147632
50, 2, 104, 0.134369, 0.0183236, 0.116041, 0, 147640
50, 104, 104, 0.239954, 0.115556, 0.124396, 0, 147632
50, 2, 104, 0.131578, 0.0177656, 0.113807, 0, 147640
50, 104, 104, 0.236268, 0.112292, 0.123974, 0, 147632
50, 2, 104, 0.13208, 0.0176413, 0.114435, 0, 147640
50, 104, 104, 0.231071, 0.107229, 0.123841, 0, 147632
50, 2, 104, 0.112626, 0.0178982, 0.0947254, 0, 147640
50, 104, 104, 0.259328, 0.139097, 0.120229, 0, 147632
50, 2, 104, 0.128298, 0.017106, 0.111186, 0, 147640
50, 104, 104, 0.240348, 0.118951, 0.121396, 0, 147632
50, 2, 104, 0.118144, 0.0182856, 0.0998556, 0, 147640
50, 2, 112, 0.131454, 0.0194915, 0.111959, 0, 147631
50, 2, 104, 0.120227, 0.019125, 0.1011, 0, 147640
50, 112, 112, 0.27368, 0.148748, 0.124932, 0, 147642
50, 2, 112, 0.122964, 0.0191737, 0.103787, 0, 147631
50, 2, 104, 0.132402, 0.0186447, 0.113754, 0, 147640
50, 112, 112, 0.264167, 0.148028, 0.116138, 0, 147642
50, 2, 112, 0.11432, 0.0196543, 0.094663, 0, 147631
50, 112, 112, 0.236338, 0.123122, 0.113216, 0, 147642
50, 2, 112, 0.123999, 0.019442, 0.104555, 0, 147631
50, 112, 112, 0.23202, 0.123174, 0.108845, 0, 147642
50, 2, 112, 0.116169, 0.019986, 0.0961809, 0, 147631
50, 112, 112, 0.250833, 0.145536, 0.105296, 0, 147642
50, 2, 112, 0.122407, 0.0192221, 0.103183, 0, 147631
50, 112, 112, 0.218682, 0.115432, 0.103248, 0, 147642
50, 112, 112, 0.252062, 0.118617, 0.133444, 0, 147642
50, 2, 112, 0.13227, 0.0178813, 0.114384, 0, 147631
50, 112, 112, 0.259536, 0.125068, 0.134467, 0, 147642
50, 2, 112, 0.133529, 0.01899, 0.114534, 0, 147631
50, 112, 112, 0.255358, 0.140689, 0.114667, 0, 147642
50, 2, 112, 0.12045, 0.020423, 0.100021, 0, 147631
50, 112, 112, 0.225375, 0.12316, 0.102214, 0, 147642
50, 2, 112, 0.119456, 0.0184436, 0.10101, 0, 147631
50, 112, 112, 0.243663, 0.133407, 0.110255, 0, 147642
50, 2, 120, 0.123052, 0.0236732, 0.0993765, 0, 147635
50, 120, 120, 0.238928, 0.129687, 0.10924, 0, 147642
50, 2, 120, 0.118322, 0.0195478, 0.09877, 0, 147635
50, 112, 112, 0.241, 0.119127, 0.121872, 0, 147642
50, 2, 120, 0.138047, 0.0183536, 0.119691, 0, 147635
50, 120, 120, 0.266467, 0.138317, 0.128148, 0, 147642
50, 2, 120, 0.118718, 0.0174092, 0.101304, 0, 147635
50, 120, 120, 0.241231, 0.132, 0.109229, 0, 147642
50, 2, 120, 0.127565, 0.0178347, 0.109727, 0, 147635
50, 120, 120, 0.256176, 0.12987, 0.126305, 0, 147642
50, 2, 120, 0.111475, 0.0166885, 0.0947811, 0, 147635
50, 120, 120, 0.265546, 0.140872, 0.124672, 0, 147642
50, 2, 120, 0.12159, 0.0172139, 0.104375, 0, 147635
50, 120, 120, 0.279714, 0.147539, 0.132173, 0, 147642
50, 2, 120, 0.140181, 0.0190719, 0.121106, 0, 147635
50, 120, 120, 0.259857, 0.131028, 0.128828, 0, 147642
50, 2, 120, 0.134805, 0.0179392, 0.116863, 0, 147635
50, 120, 120, 0.252398, 0.124171, 0.128226, 0, 147642
50, 2, 120, 0.115228, 0.0183403, 0.0968834, 0, 147635
50, 120, 120, 0.257932, 0.13048, 0.12745, 0, 147642
50, 2, 120, 0.135084, 0.019725, 0.115356, 0, 147635
50, 120, 120, 0.256596, 0.131374, 0.12522, 0, 147642
50, 2, 120, 0.136964, 0.0187929, 0.118168, 0, 147635
50, 120, 120, 0.259474, 0.132892, 0.126579, 0, 147642
50, 128, 128, 0.265481, 0.159835, 0.105646, 0, 147632
50, 2, 128, 0.126815, 0.02077, 0.106042, 0, 147631
50, 2, 128, 0.105047, 0.0188696, 0.0861754, 0, 147631
50, 128, 128, 0.268221, 0.161223, 0.106997, 0, 147632
50, 2, 128, 0.127657, 0.0191433, 0.108508, 0, 147631
50, 2, 128, 0.103164, 0.0190376, 0.0841243, 0, 147631
50, 128, 128, 0.274451, 0.168374, 0.106077, 0, 147632
50, 2, 128, 0.130358, 0.0211458, 0.109208, 0, 147631
50, 2, 128, 0.106364, 0.0189574, 0.087403, 0, 147631
50, 128, 128, 0.266252, 0.163186, 0.103065, 0, 147632
50, 2, 128, 0.108036, 0.0185476, 0.0894861, 0, 147631
50, 128, 128, 0.277532, 0.176105, 0.101426, 0, 147632
50, 2, 128, 0.103537, 0.0176971, 0.085835, 0, 147631
50, 2, 128, 0.10507, 0.0192924, 0.085776, 0, 147631
50, 128, 128, 0.269271, 0.166689, 0.102581, 0, 147632
50, 2, 128, 0.115012, 0.0188013, 0.0962051, 0, 147631
50, 128, 128, 0.270673, 0.163316, 0.107356, 0, 147632
50, 2, 128, 0.103961, 0.0192131, 0.0847425, 0, 147631
50, 128, 128, 0.269372, 0.157556, 0.111814, 0, 147632
50, 2, 128, 0.10599, 0.0173134, 0.0886693, 0, 147631
50, 128, 128, 0.260049, 0.158856, 0.101192, 0, 147632
50, 2, 128, 0.111334, 0.0199633, 0.0913656, 0, 147631
50, 128, 128, 0.271091, 0.160872, 0.110218, 0, 147632
50, 2, 128, 0.107071, 0.0196362, 0.0874293, 0, 147631
50, 128, 128, 0.270054, 0.159364, 0.110688, 0, 147632
