100, 2, 24, 0.404528, 0.0260113, 0.378513, 0, 283131
100, 24, 24, 0.428184, 0.058105, 0.370078, 0, 283131
100, 2, 24, 0.395659, 0.028324, 0.367333, 0, 283131
100, 24, 24, 0.429166, 0.0564501, 0.372715, 0, 283131
100, 2, 24, 0.387932, 0.0336542, 0.354275, 0, 283131
100, 24, 24, 0.423023, 0.0588574, 0.364164, 0, 283131
100, 2, 24, 0.37171, 0.028189, 0.343518, 0, 283131
100, 24, 24, 0.413392, 0.0557714, 0.35762, 0, 283131
100, 2, 24, 0.378844, 0.0254918, 0.353349, 0, 283131
100, 24, 24, 0.402306, 0.0559662, 0.346339, 0, 283131
100, 2, 24, 0.380131, 0.0274846, 0.352643, 0, 283131
100, 24, 24, 0.403401, 0.0485272, 0.354873, 0, 283131
100, 2, 24, 0.384325, 0.0285618, 0.355761, 0, 283131
100, 24, 24, 0.418421, 0.0564136, 0.362006, 0, 283131
100, 2, 24, 0.378134, 0.0277569, 0.350374, 0, 283131
100, 24, 24, 0.427145, 0.0561289, 0.371016, 0, 283131
100, 2, 24, 0.399571, 0.0264832, 0.373086, 0, 283131
100, 24, 24, 0.398134, 0.0583871, 0.339746, 0, 283131
100, 2, 24, 0.390457, 0.0280864, 0.362369, 0, 283131
100, 24, 24, 0.391742, 0.0452578, 0.346484, 0, 283131
100, 2, 32, 0.299149, 0.0252699, 0.273877, 0, 283141
100, 32, 32, 0.331965, 0.0560642, 0.2759, 0, 283140
100, 2, 32, 0.298416, 0.0236851, 0.274728, 0, 283141
100, 32, 32, 0.341741, 0.0681228, 0.273618, 0, 283140
100, 2, 32, 0.321136, 0.0252831, 0.29585, 0, 283141
100, 32, 32, 0.326377, 0.059144, 0.267232, 0, 283140
100, 2, 32, 0.308069, 0.023805, 0.284262, 0, 283141
100, 32, 32, 0.343842, 0.05871, 0.285131, 0, 283140
100, 2, 32, 0.306111, 0.0237137, 0.282396, 0, 283141
100, 32, 32, 0.365315, 0.0671901, 0.298125, 0, 283140
100, 2, 32, 0.315601, 0.0248679, 0.290731, 0, 283141
100, 32, 32, 0.356241, 0.0700578, 0.286183, 0, 283140
100, 2, 32, 0.313619, 0.0251657, 0.288449, 0, 283141
100, 32, 32, 0.356337, 0.0583341, 0.298002, 0, 283140
100, 2, 32, 0.3131, 0.0250526, 0.288045, 0, 283141
100, 32, 32, 0.356294, 0.0707647, 0.285529, 0, 283140
100, 2, 32, 0.318201, 0.0289842, 0.289213, 0, 283141
100, 32, 32, 0.364876, 0.0676233, 0.297253, 0, 283140
100, 2, 32, 0.313909, 0.0257006, 0.288206, 0, 283141
100, 32, 32, 0.356253, 0.0690624, 0.28719, 0, 283140
100, 2, 40, 0.263319, 0.0255684, 0.237747, 0, 283137
100, 40, 40, 0.294938, 0.0620768, 0.232861, 0, 283162
100, 2, 40, 0.260903, 0.0252652, 0.235634, 0, 283137
100, 40, 40, 0.293982, 0.0614439, 0.232537, 0, 283162
100, 2, 40, 0.26803, 0.0291463, 0.238881, 0, 283137
100, 40, 40, 0.310352, 0.078055, 0.232296, 0, 283162
100, 2, 40, 0.268158, 0.0247369, 0.243417, 0, 283137
100, 40, 40, 0.293267, 0.0640133, 0.229253, 0, 283162
100, 2, 40, 0.269713, 0.0258145, 0.243896, 0, 283137
100, 40, 40, 0.285156, 0.0632538, 0.221901, 0, 283162
100, 2, 40, 0.265494, 0.0256295, 0.239862, 0, 283137
100, 40, 40, 0.318334, 0.0779244, 0.240408, 0, 283162
100, 2, 40, 0.263548, 0.0248455, 0.238699, 0, 283137
100, 40, 40, 0.302525, 0.0623137, 0.24021, 0, 283162
100, 2, 40, 0.25791, 0.02525, 0.232655, 0, 283137
100, 40, 40, 0.305429, 0.061504, 0.243925, 0, 283162
100, 2, 40, 0.270527, 0.0261013, 0.244422, 0, 283137
100, 40, 40, 0.301509, 0.0618685, 0.23964, 0, 283162
100, 2, 40, 0.251079, 0.0245151, 0.226561, 0, 283137
100, 40, 40, 0.315189, 0.0790879, 0.2361, 0, 283162
100, 2, 48, 0.231394, 0.0260172, 0.205373, 0, 283122
100, 48, 48, 0.27809, 0.0737602, 0.204328, 0, 283162
100, 2, 48, 0.235649, 0.025494, 0.210152, 0, 283122
100, 48, 48, 0.291004, 0.0927192, 0.198284, 0, 283162
100, 2, 48, 0.230102, 0.0256011, 0.204497, 0, 283122
100, 48, 48, 0.29609, 0.0925713, 0.203518, 0, 283162
100, 2, 48, 0.225271, 0.0250173, 0.200251, 0, 283122
100, 48, 48, 0.283611, 0.0737069, 0.209903, 0, 283162
100, 2, 48, 0.227561, 0.024788, 0.202769, 0, 283122
100, 48, 48, 0.29137, 0.0914998, 0.19987, 0, 283162
100, 2, 48, 0.23818, 0.0260857, 0.21209, 0, 283122
100, 48, 48, 0.281403, 0.0729564, 0.208446, 0, 283162
100, 2, 48, 0.230499, 0.0253134, 0.205182, 0, 283122
100, 48, 48, 0.283801, 0.0734699, 0.21033, 0, 283162
100, 2, 48, 0.233558, 0.0255996, 0.207955, 0, 283122
100, 48, 48, 0.283108, 0.0725178, 0.21059, 0, 283162
100, 2, 48, 0.234578, 0.0247473, 0.209827, 0, 283122
100, 48, 48, 0.294826, 0.0911266, 0.203698, 0, 283162
100, 2, 48, 0.234159, 0.0257005, 0.208455, 0, 283122
100, 48, 48, 0.286087, 0.0737426, 0.212343, 0, 283162
100, 2, 56, 0.207844, 0.0259282, 0.181912, 0, 283132
100, 56, 56, 0.288113, 0.102034, 0.186078, 0, 283140
100, 2, 56, 0.212575, 0.0255904, 0.186982, 0, 283132
100, 56, 56, 0.274373, 0.0910682, 0.183304, 0, 283140
100, 2, 56, 0.202925, 0.0263049, 0.176617, 0, 283132
100, 56, 56, 0.271427, 0.0923138, 0.179112, 0, 283140
100, 2, 56, 0.199239, 0.0254672, 0.17377, 0, 283132
100, 56, 56, 0.264794, 0.086443, 0.17835, 0, 283140
100, 2, 56, 0.208705, 0.025019, 0.183682, 0, 283132
100, 56, 56, 0.273168, 0.0921824, 0.180985, 0, 283140
100, 2, 56, 0.209316, 0.0266015, 0.182711, 0, 283132
100, 56, 56, 0.275392, 0.0893942, 0.185997, 0, 283140
100, 2, 56, 0.207865, 0.0257393, 0.182122, 0, 283132
100, 56, 56, 0.298642, 0.104512, 0.194129, 0, 283140
100, 2, 56, 0.217283, 0.0266632, 0.190617, 0, 283132
100, 56, 56, 0.28802, 0.102761, 0.185259, 0, 283140
100, 2, 56, 0.208755, 0.025451, 0.1833, 0, 283132
100, 56, 56, 0.296916, 0.105441, 0.191473, 0, 283140
100, 2, 56, 0.203303, 0.0251182, 0.178183, 0, 283132
100, 56, 56, 0.271261, 0.0847643, 0.186496, 0, 283140
100, 2, 64, 0.194955, 0.0276473, 0.167303, 0, 283104
100, 64, 64, 0.257617, 0.0912477, 0.166369, 0, 283140
100, 2, 64, 0.186107, 0.0270568, 0.159047, 0, 283104
100, 64, 64, 0.288581, 0.117818, 0.170762, 0, 283140
100, 2, 64, 0.183744, 0.0259289, 0.157812, 0, 283104
100, 64, 64, 0.262642, 0.0937105, 0.16893, 0, 283140
100, 2, 64, 0.183016, 0.0275062, 0.155506, 0, 283104
100, 64, 64, 0.29608, 0.119745, 0.176334, 0, 283140
100, 2, 64, 0.184648, 0.0261467, 0.158499, 0, 283104
100, 64, 64, 0.262298, 0.0952445, 0.167052, 0, 283140
100, 2, 64, 0.181604, 0.0264965, 0.155106, 0, 283104
100, 64, 64, 0.264824, 0.0952101, 0.169613, 0, 283140
100, 2, 64, 0.186662, 0.0271386, 0.159521, 0, 283104
100, 64, 64, 0.28278, 0.116293, 0.166486, 0, 283140
100, 2, 64, 0.189385, 0.0261253, 0.163254, 0, 283104
100, 64, 64, 0.287998, 0.116587, 0.17141, 0, 283140
100, 2, 64, 0.181027, 0.0257039, 0.155318, 0, 283104
100, 64, 64, 0.287408, 0.116706, 0.170701, 0, 283140
100, 2, 64, 0.191448, 0.0265333, 0.16491, 0, 283104
100, 64, 64, 0.26206, 0.0938939, 0.168165, 0, 283140
100, 2, 72, 0.186686, 0.0285067, 0.158176, 0, 283118
100, 72, 72, 0.285019, 0.124163, 0.160855, 0, 283140
100, 2, 72, 0.196342, 0.0286457, 0.167692, 0, 283118
100, 72, 72, 0.281177, 0.119179, 0.161997, 0, 283140
100, 2, 72, 0.183356, 0.027873, 0.155478, 0, 283118
100, 72, 72, 0.285488, 0.120649, 0.164838, 0, 283140
100, 2, 72, 0.18486, 0.0282275, 0.156629, 0, 283118
100, 72, 72, 0.286919, 0.124025, 0.162893, 0, 283140
100, 2, 72, 0.188359, 0.028358, 0.159996, 0, 283118
100, 72, 72, 0.28074, 0.119635, 0.161104, 0, 283140
100, 2, 72, 0.188399, 0.0298769, 0.158517, 0, 283118
100, 72, 72, 0.289259, 0.121843, 0.167416, 0, 283140
100, 2, 72, 0.190095, 0.0288208, 0.161271, 0, 283118
100, 72, 72, 0.284736, 0.121477, 0.163259, 0, 283140
100, 2, 72, 0.179636, 0.0280119, 0.151621, 0, 283118
100, 72, 72, 0.279258, 0.119874, 0.159382, 0, 283140
100, 2, 72, 0.187573, 0.0281815, 0.159387, 0, 283118
100, 72, 72, 0.282086, 0.121496, 0.160589, 0, 283140
100, 2, 72, 0.187478, 0.0281724, 0.159299, 0, 283118
100, 72, 72, 0.285384, 0.122981, 0.162402, 0, 283140
100, 2, 80, 0.171833, 0.0291968, 0.142632, 0, 283117
100, 80, 80, 0.287686, 0.132232, 0.155453, 0, 283131
100, 2, 80, 0.175297, 0.0290139, 0.14628, 0, 283117
100, 80, 80, 0.263255, 0.107419, 0.155836, 0, 283131
100, 2, 80, 0.180069, 0.0288025, 0.151265, 0, 283117
100, 80, 80, 0.293723, 0.136929, 0.156793, 0, 283131
100, 2, 80, 0.174141, 0.0281952, 0.145941, 0, 283117
100, 80, 80, 0.291123, 0.133673, 0.157449, 0, 283131
100, 2, 80, 0.171117, 0.0282455, 0.142869, 0, 283117
100, 80, 80, 0.293078, 0.135589, 0.157488, 0, 283131
100, 2, 80, 0.176385, 0.0285773, 0.147804, 0, 283117
100, 80, 80, 0.287038, 0.132282, 0.154755, 0, 283131
100, 2, 80, 0.176516, 0.0284551, 0.148059, 0, 283117
100, 80, 80, 0.286377, 0.134069, 0.152307, 0, 283131
100, 2, 80, 0.175345, 0.0288701, 0.146472, 0, 283117
100, 80, 80, 0.287688, 0.133523, 0.154164, 0, 283131
100, 2, 80, 0.180017, 0.0289037, 0.151111, 0, 283117
100, 80, 80, 0.26642, 0.108449, 0.15797, 0, 283131
100, 2, 80, 0.177531, 0.0294878, 0.148039, 0, 283117
100, 80, 80, 0.289364, 0.136053, 0.153311, 0, 283131
100, 2, 88, 0.163605, 0.0293197, 0.134282, 0, 283138
100, 88, 88, 0.2884, 0.142304, 0.146095, 0, 283162
100, 2, 88, 0.165999, 0.0291791, 0.136817, 0, 283138
100, 88, 88, 0.292987, 0.141889, 0.151097, 0, 283162
100, 2, 88, 0.170516, 0.0287695, 0.141742, 0, 283138
100, 88, 88, 0.293679, 0.14148, 0.152198, 0, 283162
100, 2, 88, 0.165025, 0.0282368, 0.136784, 0, 283138
100, 88, 88, 0.299538, 0.144213, 0.155325, 0, 283162
100, 2, 88, 0.162608, 0.0303384, 0.132266, 0, 283138
100, 88, 88, 0.263746, 0.111873, 0.151873, 0, 283162
100, 2, 88, 0.167333, 0.028934, 0.138395, 0, 283138
100, 88, 88, 0.295838, 0.148102, 0.147735, 0, 283162
100, 2, 88, 0.166779, 0.0308564, 0.135918, 0, 283138
100, 88, 88, 0.264973, 0.114942, 0.150031, 0, 283162
100, 2, 88, 0.170132, 0.0289973, 0.141131, 0, 283138
100, 88, 88, 0.295185, 0.143972, 0.151212, 0, 283162
100, 2, 88, 0.163525, 0.0281585, 0.135364, 0, 283138
100, 88, 88, 0.289506, 0.142473, 0.147032, 0, 283162
100, 2, 88, 0.165576, 0.0306631, 0.134909, 0, 283138
100, 88, 88, 0.300989, 0.149622, 0.151367, 0, 283162
100, 2, 96, 0.160971, 0.0275638, 0.133404, 0, 283149
100, 96, 96, 0.308859, 0.163561, 0.145296, 0, 283162
100, 2, 96, 0.153701, 0.0271319, 0.126567, 0, 283149
100, 96, 96, 0.32487, 0.165052, 0.159817, 0, 283162
100, 2, 96, 0.180321, 0.0364078, 0.14391, 0, 283149
100, 96, 96, 0.310853, 0.166089, 0.144762, 0, 283162
100, 2, 96, 0.158142, 0.0286872, 0.129451, 0, 283149
100, 96, 96, 0.311574, 0.163119, 0.148453, 0, 283162
100, 2, 96, 0.159573, 0.0297159, 0.129852, 0, 283149
100, 96, 96, 0.318917, 0.166929, 0.151987, 0, 283162
100, 2, 96, 0.157415, 0.0276355, 0.129776, 0, 283149
100, 96, 96, 0.319912, 0.165627, 0.154284, 0, 283162
100, 2, 96, 0.151418, 0.0268933, 0.124521, 0, 283149
100, 96, 96, 0.317407, 0.164795, 0.15261, 0, 283162
100, 2, 96, 0.161386, 0.0291729, 0.132209, 0, 283149
100, 96, 96, 0.316591, 0.165217, 0.151372, 0, 283162
100, 2, 96, 0.161104, 0.0284431, 0.132657, 0, 283149
100, 96, 96, 0.318967, 0.16613, 0.152836, 0, 283162
100, 2, 96, 0.161138, 0.0287636, 0.132371, 0, 283149
100, 96, 96, 0.30762, 0.159396, 0.148223, 0, 283162
100, 2, 104, 0.159827, 0.0320636, 0.12776, 0, 283127
100, 104, 104, 0.30247, 0.144616, 0.157853, 0, 283131
100, 2, 104, 0.160853, 0.0306473, 0.1302, 0, 283127
100, 104, 104, 0.297625, 0.144566, 0.153058, 0, 283131
100, 2, 104, 0.163241, 0.0287828, 0.134454, 0, 283127
100, 104, 104, 0.319724, 0.171909, 0.147814, 0, 283131
100, 2, 104, 0.158884, 0.0318364, 0.127044, 0, 283127
100, 104, 104, 0.320339, 0.174976, 0.145362, 0, 283131
100, 2, 104, 0.164682, 0.0313674, 0.13331, 0, 283127
100, 104, 104, 0.326582, 0.172995, 0.153587, 0, 283131
100, 2, 104, 0.159693, 0.0303488, 0.129341, 0, 283127
100, 104, 104, 0.328155, 0.17222, 0.155934, 0, 283131
100, 2, 104, 0.152169, 0.0312114, 0.120951, 0, 283127
100, 104, 104, 0.323167, 0.176868, 0.146298, 0, 283131
100, 2, 104, 0.161493, 0.0311036, 0.130385, 0, 283127
100, 104, 104, 0.331782, 0.172194, 0.159587, 0, 283131
100, 2, 104, 0.160213, 0.0298426, 0.130366, 0, 283127
100, 104, 104, 0.326774, 0.172881, 0.153893, 0, 283131
100, 2, 104, 0.166807, 0.0302856, 0.136516, 0, 283127
100, 104, 104, 0.320372, 0.167646, 0.152725, 0, 283131
100, 2, 112, 0.148274, 0.0302524, 0.118017, 0, 283115
100, 112, 112, 0.332352, 0.181057, 0.151294, 0, 283140
100, 2, 112, 0.156385, 0.0301518, 0.12623, 0, 283115
100, 112, 112, 0.329306, 0.189044, 0.140261, 0, 283140
100, 2, 112, 0.156316, 0.0314143, 0.124898, 0, 283115
100, 112, 112, 0.307808, 0.150758, 0.157048, 0, 283140
100, 2, 112, 0.142506, 0.0317569, 0.110744, 0, 283115
100, 112, 112, 0.321285, 0.18308, 0.138204, 0, 283140
100, 2, 112, 0.153572, 0.0314173, 0.12215, 0, 283115
100, 112, 112, 0.300613, 0.151307, 0.149305, 0, 283140
100, 2, 112, 0.159668, 0.032535, 0.127128, 0, 283115
100, 112, 112, 0.337264, 0.182082, 0.155181, 0, 283140
100, 2, 112, 0.151097, 0.0324785, 0.118615, 0, 283115
100, 112, 112, 0.306292, 0.15406, 0.152231, 0, 283140
100, 2, 112, 0.156792, 0.0327652, 0.124024, 0, 283115
100, 112, 112, 0.298443, 0.14661, 0.151832, 0, 283140
100, 2, 112, 0.162081, 0.0299841, 0.132094, 0, 283115
100, 112, 112, 0.296447, 0.146332, 0.150114, 0, 283140
100, 2, 112, 0.159003, 0.030928, 0.128072, 0, 283115
100, 112, 112, 0.312035, 0.153463, 0.158571, 0, 283140
100, 2, 120, 0.166276, 0.0430237, 0.123249, 0, 283169
100, 120, 120, 0.347617, 0.198661, 0.148955, 0, 283162
100, 2, 120, 0.149631, 0.031555, 0.118072, 0, 283169
100, 120, 120, 0.339574, 0.196084, 0.143489, 0, 283162
100, 2, 120, 0.154522, 0.0318592, 0.122659, 0, 283169
100, 120, 120, 0.354654, 0.202, 0.152653, 0, 283162
100, 2, 120, 0.154881, 0.0337601, 0.121115, 0, 283169
100, 120, 120, 0.34942, 0.199985, 0.149434, 0, 283162
100, 2, 120, 0.15167, 0.0328442, 0.118821, 0, 283169
100, 120, 120, 0.343197, 0.199619, 0.143577, 0, 283162
100, 2, 120, 0.15505, 0.0329885, 0.122057, 0, 283169
100, 120, 120, 0.345143, 0.1977, 0.147442, 0, 283162
100, 2, 120, 0.162883, 0.0324875, 0.130391, 0, 283169
100, 120, 120, 0.341261, 0.19521, 0.146051, 0, 283162
100, 2, 120, 0.152689, 0.0314741, 0.121211, 0, 283169
100, 120, 120, 0.345698, 0.196868, 0.14883, 0, 283162
100, 2, 120, 0.160251, 0.0380042, 0.122242, 0, 283169
100, 120, 120, 0.34139, 0.199424, 0.141965, 0, 283162
100, 2, 120, 0.152355, 0.0349038, 0.117447, 0, 283169
100, 120, 120, 0.307596, 0.161452, 0.146143, 0, 283162
100, 2, 128, 0.138022, 0.0323817, 0.105634, 0, 283119
100, 128, 128, 0.309052, 0.17231, 0.136741, 0, 283131
100, 2, 128, 0.144594, 0.0313619, 0.113228, 0, 283119
100, 128, 128, 0.346902, 0.209821, 0.13708, 0, 283131
100, 2, 128, 0.145842, 0.0316181, 0.11422, 0, 283119
100, 128, 128, 0.347145, 0.209782, 0.137362, 0, 283131
100, 2, 128, 0.144846, 0.0330315, 0.111812, 0, 283119
100, 128, 128, 0.360991, 0.20764, 0.153351, 0, 283131
100, 2, 128, 0.148053, 0.0330645, 0.114984, 0, 283119
100, 128, 128, 0.321007, 0.172931, 0.148076, 0, 283131
100, 2, 128, 0.14013, 0.0321175, 0.108009, 0, 283119
100, 128, 128, 0.352457, 0.212942, 0.139515, 0, 283131
100, 2, 128, 0.143937, 0.0321065, 0.111827, 0, 283119
100, 128, 128, 0.349031, 0.213571, 0.135458, 0, 283131
100, 2, 128, 0.140472, 0.0338334, 0.106636, 0, 283119
100, 128, 128, 0.311776, 0.173633, 0.138142, 0, 283131
100, 2, 128, 0.142489, 0.0311735, 0.11131, 0, 283119
100, 128, 128, 0.346509, 0.207364, 0.139143, 0, 283131
100, 2, 128, 0.137177, 0.03215, 0.105023, 0, 283119
100, 128, 128, 0.316486, 0.174525, 0.14196, 0, 283131
100, 2, 24, 15.0635, 0.0964792, 14.9667, 0, 283131
100, 24, 24, 20.8261, 10.5564, 10.2694, 0, 283131
100, 2, 24, 1.00883, 0.0973157, 0.911207, 0, 283131
100, 24, 24, 14.1266, 13.2521, 0.874271, 0, 283131
100, 2, 24, 3.30086, 0.102691, 3.19787, 0, 283131
100, 24, 24, 27.6088, 18.6481, 8.96044, 0, 283131
100, 2, 24, 9.68898, 0.130437, 9.55822, 0, 283131
100, 24, 24, 22.6767, 9.16251, 13.5139, 0, 283131
100, 2, 24, 4.98475, 0.0963021, 4.88812, 0, 283131
100, 24, 24, 39.2185, 31.8508, 7.36746, 0, 283131
100, 2, 24, 7.59891, 0.0972417, 7.50136, 0, 283131
100, 24, 24, 15.7091, 12.6013, 3.10753, 0, 283131
100, 2, 24, 1.02962, 0.127296, 0.902007, 0, 283131
100, 24, 24, 9.0498, 6.04802, 3.00154, 0, 283131
100, 2, 24, 1.2747, 0.116194, 1.15821, 0, 283131
100, 24, 24, 14.2097, 13.3248, 0.884743, 0, 283131
100, 2, 24, 11.4586, 0.100699, 11.3576, 0, 283131
100, 24, 24, 14.2921, 6.3969, 7.89496, 0, 283131
100, 2, 24, 6.08383, 0.0971137, 5.98638, 0, 283131
100, 24, 24, 20.2186, 15.0734, 5.14494, 0, 283131
100, 2, 32, 1.09599, 0.0945509, 1.00111, 0, 283141
100, 32, 32, 10.4912, 9.73441, 0.756544, 0, 283140
100, 2, 32, 0.810143, 0.108184, 0.701667, 0, 283141
100, 32, 32, 23.7076, 21.8864, 1.82091, 0, 283140
100, 2, 32, 0.810769, 0.0945339, 0.715924, 0, 283141
100, 32, 32, 11.9817, 11.1038, 0.877648, 0, 283140
100, 2, 32, 1.33248, 0.0926092, 1.23957, 0, 283141
